reading_speed,reading_accuracy,spelling_score,phonological_score,memory_score,confusion_score,writing_error_rate,response_time_variance,ran_speed_score,eye_tracking_score,label
54.0403061444874,0.646398788362281,42.685897481147634,38.881198819530795,58.8268262162726,6.5580825844002755,0.3416145155592091,751.5772927209789,9319.984648254174,65.42560043585965,2
28.017701180995108,0.5863890037284232,52.075685360462906,34.761240023841395,49.86344722988519,4.515186325761655,0.2732723686587384,819.8473153382331,9672.427808241182,60.67528204687924,2
57.833166895138746,0.7097577389477919,,62.796953798729064,84.21159731569958,3.4365510018932732,0.14401524937396015,336.44402597253605,6507.389134762542,24.422890710440996,1
42.957878202717225,0.7820065419014919,,80.58113246738333,54.86371985702338,0.6250586796946687,0.1271349031773896,353.93612290402126,7518.613998177284,38.43618289568462,1
30.247150860359458,0.3011044234247205,36.84450056497166,39.656982357704315,48.87748459593357,9.788664660217522,0.42221339552022713,1226.4993391734208,12273.647529770195,81.90787624148786,3
90.29118848297468,0.8966473482573493,96.72551136878711,76.01792060544322,90.01754503076513,1.2965613843289707,0.05249934326457544,218.0818012523817,3640.3685618973013,16.80697802754207,0
49.08683623286746,0.8538128690116142,92.21551095658316,70.81249541408597,92.50989940807305,1.9035324906258424,0.03243630062339875,200.95001655310747,5273.855447563421,12.408648908631763,0
53.80962164095662,0.6607344153798229,58.72884824878269,51.755532939548324,51.28853744266507,7.34625100554795,0.22201038490553537,541.1837770301763,7781.268864464308,62.96120277064576,2
32.008750148897775,0.5239730734667366,40.74051902144797,54.52936326533509,53.007269099787216,6.42987766018951,0.34060379177903555,296.65276002063973,10392.34860707825,59.25554084233833,2
125.12985677768981,0.8577218126874984,92.58312961620747,82.4097135526111,73.1034895086392,0.5785017796601164,0.05405074842498068,257.14114072575103,4461.3613198701905,18.955159735215233,0
53.74396351055049,0.5180579540108816,67.85174111937015,45.06567517796673,66.07795130010344,9.413209907356924,0.20331756578557125,731.0384123453068,7582.062429977421,60.68562974806027,2
113.61828379232769,0.9905094983105102,81.63712159873072,76.14487626171152,75.71905969078168,1.5561217985339653,0.06939856414307612,211.37299673020647,5123.896490603674,6.962583827193862,0
41.36204191350869,0.6451911357740479,32.743099710980815,56.17640845511145,69.60484956376132,6.45257653899775,0.20183941032332595,727.1102148864958,10320.478360227757,52.85648581973632,2
76.37117097489097,0.8068268832021304,54.20681804478181,56.43486336255364,81.5496603989619,4.902584283605853,0.1849223410494178,482.206015999449,8315.211954157403,32.54611883997129,1
32.24140132856494,0.47840931103542267,33.69416062901953,44.67505576549307,45.37960003691995,10.0,0.5477553081456592,1028.1296290455841,15228.988416997428,76.42842443583717,3
76.07652837168112,0.7023184924793301,63.85677318512245,78.88408981537286,63.21306651482996,4.165574692355412,0.13850977286019253,355.3485047932979,7394.930532296356,37.14093744130204,1
28.959211044808256,0.42300144533983397,32.257372749388644,43.45938807089901,40.51360859479635,9.744894315320906,0.6107452251961327,1319.8595632293213,11296.166032716423,75.62174960084877,3
116.3965261666293,0.8197442768450163,85.59989306901204,81.85843132604934,73.48444237264607,3.264271383078482,0.13379951568515358,322.71747854624283,6076.454874000816,30.146364521708964,1
56.95374558355277,0.5061000499878099,27.56964059289185,41.068797263707765,50.98219303126319,9.120760282265758,0.24316420549936865,619.2826500106622,9118.844461356826,62.16458589581975,2
79.33853865615637,0.8089137000583992,62.78112652500682,75.30488820240078,85.72029615992429,2.05714537878644,0.12708322512620743,320.74792615672993,6351.8134349490065,40.049872789804574,1
47.78436918676368,0.6098453329412241,37.051368743025314,59.45381690087567,70.1968822644745,6.754592530920818,0.3223441492468705,847.7026479719235,7765.326993883603,55.15765927133749,2
101.88099195601224,0.9211260743630988,,75.67408343438919,64.46069030624167,0.8948814952535863,0.04904664843141758,281.62056519658177,2712.30068251355,12.79977756651508,0
65.89770427086212,0.631738726323789,41.19815501115087,47.97542474168449,55.730759285405924,7.294325393574088,0.3150948355751758,618.9142241736043,12363.846714714471,47.62184501173151,2
75.67398728729361,0.8441785845735871,60.96200655823817,72.49117913542864,83.27485700779998,2.3032053770325485,0.1023271935735826,341.0635243055788,7380.332049108686,38.57015485965047,1
79.31898301961307,0.7423051858856959,74.75309980705772,76.62084412558089,59.34808063108774,0.3184925821023272,0.1776412960741997,277.94298957181456,7129.639016068841,32.97807347566106,1
42.69839113887894,0.3206247737671865,28.46073070611886,42.44747267179263,34.7681190641289,9.898285975561997,0.6686569685488601,1097.2499057465327,13948.952618833178,85.96995964992718,3
38.288831791417955,0.6345036912154076,32.21534218881669,57.70678329523111,63.0046732416375,4.6017068438161655,0.30990577646474715,598.6774430631289,11503.972745554189,58.52942618497861,2
81.11723740451669,0.9427327094974391,81.28878106217041,87.03822727527466,86.70931043137433,1.8725415914304793,0.01732139025777098,127.59578292513379,3021.5646021937114,11.40777889373782,0
103.90358737651263,0.8666796223459227,86.46609252637089,81.97675757923692,79.94524605211645,0.3176573988798461,0.020693612464126473,197.59022572320936,4247.298833424786,10.863845282238385,0
97.02167241397503,0.8928568129422791,84.4702748492784,89.5767645442884,80.83583197422655,1.9835043063584652,0.09936683165073704,204.8838049274416,3477.519255524148,15.122550871294713,0
70.01355925200816,0.6168628623846201,37.62731194407192,48.8906806437049,66.71570951777323,3.0943010818552783,0.23762423194475227,717.6009616371252,6848.332011113005,54.74244978319239,2
71.46945314048969,0.5619055232572655,50.484395412762645,59.70523820013211,63.903556198353584,8.953317250859257,0.2836486072581238,,9420.018153040288,42.868654709091224,2
48.731627235702405,0.7084563244976391,57.522740754512135,73.11267170799633,74.53522435497464,5.274349984400844,0.1944765729882428,431.24584810979474,6061.964091691946,41.228499323474985,1
55.279425303407706,0.5457285611006926,59.72596399086865,65.41370996918182,45.06528305301144,5.3922711291381455,0.33431463911855996,832.6727963283785,10349.046035683608,71.79297184063826,2
45.143841489877715,0.5268030456901281,50.637245154023354,64.89045173884479,65.53390202176136,5.132699346456306,0.20290893313357639,548.6537042063401,11560.696046829926,42.41260513576886,2
100.69774434075124,0.9270984233739716,75.99797083949275,98.34445640864135,91.77856852076097,1.330700557063932,0.09545685612918779,114.83087803224227,3946.6498369314263,16.920327244696537,0
53.285850757196876,0.7113794992162995,71.45032492143577,56.78497714183466,77.31509912384941,4.121052047417702,0.14739616402628725,370.93076919689565,5503.570917669001,40.040465155178445,1
57.13515293190107,0.7309500577608689,66.91802143637841,42.60637011951042,,3.063201122612894,0.17994103989090426,330.02744920074144,6789.730681738953,33.8767195030917,1
88.20024440275256,0.9055708154187073,81.48096741642235,100.0,76.27130882459367,0.3734758173114562,0.07727238443203809,90.39349718790106,4448.4538112965365,16.556250772717682,0
77.43017290489252,0.9298925899682535,76.87899624757458,75.95458116212929,77.7571385292751,0.952209122626462,0.03898712490248605,167.67135578787367,3282.756010997487,23.435708175362823,0
88.36338946707599,0.9380261677031319,77.51309646009851,80.59495441126475,98.98445819556537,0.611930810202586,0.04267740667587717,166.5799015848366,4675.87778111313,24.547083202350652,0
65.66527784647515,0.7279850536076958,56.05882912302394,63.457969608017876,32.45860717506677,4.026963302332753,0.19823786169086066,376.10519531335905,5494.680813478547,29.232286694316674,1
36.314103446876764,0.41432253789398,34.202463736765495,42.4640971231068,32.38265084272181,6.87088599346085,0.527630931584925,699.3859829113796,10808.77437011141,85.48084946661382,3
62.81778535665036,0.8731544072911304,100.0,68.88994390044779,78.21738313991541,0.5925398623647347,0.022097320924507682,250.31464046072202,3682.643366447271,19.17846056032571,0
24.30834255058212,0.5697736533085991,36.16593106965599,51.69729284390374,56.072727029747796,6.9760881587574985,0.36836575535165444,837.0201142612802,10545.849207350633,55.881230338775325,2
30.92909718535528,0.43303944413924,12.371984344988086,37.88622739738743,37.29796681322462,9.895233875322818,0.6449798318414731,388.56263944664386,12151.47110939272,66.29208078974145,3
38.29241180510213,0.3767782442746423,27.416619941727483,42.13928655852169,40.95620445889392,6.23036811616403,0.6819496370840425,1086.0823783672895,11106.105695050946,96.43754043206928,3
124.72771707763982,0.9840838874576436,82.20112964930432,89.03820558679305,66.90331475247835,0.18299856073910592,0.07695516633154093,203.57831186096962,3566.8724027024323,17.39489912873196,0
31.293422119445882,0.4594590731559107,19.680580867118707,31.580736460404196,34.47354226652995,9.927700637430723,0.5923442898655892,1292.0672342560372,14648.997781556973,100.0,3
47.416122540471726,0.3924011607288265,29.863297823552827,56.148572667188404,37.971537803298475,8.093830869900517,0.6616371726832454,1032.8184383814678,15498.680083510984,89.81009231736714,3
89.19936469827076,0.7636196006953578,84.20414119278095,72.2066002228619,71.50143163869548,2.8646585039156856,0.11132380458407554,478.10732676164525,6539.924122430795,45.94191518470949,1
61.87114125439474,0.8204280172897017,74.73547174019133,42.15115151226243,66.5518064283042,3.942210020221004,0.13469532018962277,366.42153007098716,8141.749168314626,32.40408648636395,1
54.69341996237615,0.9872268851602151,84.57548820285086,95.8045986900535,57.861137116446876,0.0,0.09649632857225098,225.83346543240614,3786.2819767474302,9.467370456291649,0
71.89351265852488,0.7314858389643378,66.11404215119897,71.86043948314622,100.0,1.3393433180999677,0.10657086394283524,374.5022782579145,7796.653965341874,8.490301916069882,1
67.33109299912228,0.8292678431520275,58.284606065616046,68.20146439885046,77.91647141397492,4.249835816431112,0.14087341710980966,267.34609838902406,7383.226366519484,47.71555094994159,1
56.12561682616771,0.630549221570375,42.679387237148894,47.70783948446408,64.76636689748327,4.119172450864196,0.3711392936212572,545.855075127138,11708.040061114973,49.189366724001026,2
33.4452053621695,0.3842849101184996,23.38400412549765,25.06799015240702,31.836945909451543,10.0,0.48041909224686286,474.06788591853547,11460.243041727696,100.0,3
35.712823293082295,0.4527211588319522,38.11631239763776,34.75233399490741,36.642849271134295,10.0,0.40674079249603523,1092.3405306676177,10561.26488105148,71.51814577894287,3
93.60745788490604,0.8757518928772455,90.50455718365296,68.70407014023672,86.62236386371401,3.0055740456399533,0.08467676233364815,235.8795789896525,4020.736364317936,19.91345491972757,0
26.870667859330066,0.4037835410565675,25.3170975319614,36.588466903170335,25.65635032841154,9.16204401973197,0.5167886842125929,723.0300261667287,11559.86899525107,75.24126747022667,3
97.3297915322194,0.9598858145815375,90.38996250821975,91.07566864331359,61.769840204165874,0.9946635291633367,0.06371585640252003,167.06155871093216,4856.721955249764,11.484117874370563,0
92.99072689106451,0.736960304985866,71.35225344321184,76.3911413124466,53.68328597107357,4.394223761017154,0.15902306668690872,327.2862824175131,6118.946928577485,34.25566570899954,1
38.584740482438455,0.46131222957228996,32.33118881062997,45.29014890723681,50.62209850913712,7.092511382927117,0.5468274890929421,1189.8824901380394,14751.130784224346,87.07687687163111,3
82.01948999305756,0.8386594293064795,,69.03501071549209,63.0182472639392,4.329776118853582,0.18289154741506775,,5989.849849128609,30.655037725676845,1
62.72212923428606,0.5130712681597884,38.18488772793567,54.12570396644122,31.84378484423011,4.698830316886286,0.32517827528740184,756.5318863929831,10348.846553793852,68.89630795623437,2
62.25617050888741,0.5959751240607818,52.1899935679725,53.13861963470134,34.818156098401246,2.4828020000117053,0.3475164603177783,536.9719774356214,9500.543330198827,46.555494889657226,2
87.2342826460737,0.9076489970739522,88.10696681773331,74.29421920322832,88.19147883748576,0.8342769468533849,0.08912064768059483,158.72075784912695,3977.074253099359,18.37409746083302,0
53.783020052582536,0.6215473589757718,27.635685477218114,50.73962964073568,48.78959618910131,4.802151206881328,0.23728765242885091,504.39193090402233,11830.666352299968,74.20504247989855,2
45.049500338640094,0.5447635229645246,51.99823175752916,73.57376365032708,66.25405961879973,4.319779842833324,0.3754921725260761,624.704674115571,9146.671391540704,56.122984400640156,2
96.49924101209237,0.7130480139867115,49.071301032256926,54.91191639485386,83.26151254838769,1.5739743128920094,0.1495875735078771,348.23887009638287,6670.701074346866,34.83577103927248,1
84.79175774140498,0.9517024228838595,97.78019995158206,68.60603732335943,85.55058263177048,1.2400227376850461,0.0692606651192583,215.27771601886292,4794.601644061644,17.53637015553649,0
99.82352141015694,0.8737907657939611,78.5770540320672,76.66441012720733,71.7255161470356,1.4949555175615254,0.0836170321707156,201.4372411467409,5097.386846688561,15.955495340099517,0
76.85294294459185,0.8169768092726715,91.34723666546213,73.19896656033923,63.9793036400166,3.8070335321952657,0.13418721660386862,404.79540502831054,7215.259684702516,36.86609123156358,1
39.60334648374342,0.5134701202937544,25.790011936806543,59.6501496106323,,6.255605394733565,0.37430736123047526,516.1617229092617,10753.93351954084,75.65524029234341,2
39.21313498793289,0.5327247642383338,20.871770901146878,56.48636334720961,66.8477067910795,8.243706378853696,0.2546519053996419,796.581573703832,10822.749249845518,59.00824136220617,2
63.93169482460132,0.8475966471939742,76.4601131578795,67.52119397882406,59.33692104383138,1.9963183783310354,0.10311340828845114,274.8460575809556,7989.439925988638,34.178488216074314,1
76.75689146149776,0.8141535986414498,67.51095251597168,58.66757466948337,74.84868644363469,4.8738026512313,0.14815223515125503,449.14045670194974,5836.418139431808,53.00940432910816,1
44.71031273753979,0.5537986808870196,40.2255499643681,59.95752236681356,51.677213922443464,5.949221907231026,0.2144893775589118,532.1540521126385,6406.726766235061,44.16097176514277,2
26.7698360899251,0.3484090031725055,,54.216210254683645,39.77396910555181,9.0497775573279,0.4029312542257551,1534.48752712761,14316.603614905613,64.58265131575709,3
84.48962205129952,0.9351311272392338,96.28527400031736,91.23309806654603,74.07844620363181,0.5550166786261403,0.019411105630096022,269.9677718293001,4779.05548487239,15.29815184960087,0
57.64909619304843,0.5678900385085612,50.38394634871105,51.14533366215464,66.40174565198598,5.604093746863339,0.328715539039305,797.5917340096779,12571.910973928441,61.979107834626475,2
54.48172211745569,0.6951730511638262,35.911273476759256,44.7070176245378,62.424238574174865,8.258648875079,0.2996391432906278,859.1314755151068,10552.20624799121,60.380034781682,2
70.2793369338356,0.830240875811257,44.05922258773105,81.19454901194345,83.09737822928723,0.2035027075363578,0.13710387629846027,309.83992539644277,6832.319901903102,45.470983026121544,1
70.32950543286633,0.8351052796016888,46.39263300606168,63.12677890541769,82.00747362648958,3.2689119066400263,0.12106621890056667,547.6540349725896,7906.158730729841,28.744372984904707,1
65.69386955459916,0.8457092641062459,53.461092027187185,73.88560153127135,65.62765031509764,0.5242631849433574,0.18707499012725115,394.95771482785125,7235.454616508032,6.514573793699245,1
70.6389671322307,0.9954118483502932,95.06546488700513,72.542339409003,93.2926454033804,0.2919211338058586,0.021778629464651485,197.6539710560408,4332.257003462366,15.384109455301276,0
53.38158412414667,0.7925717479906045,60.340196386462075,59.93935010658538,77.80996630801313,4.270618514977552,0.1474630875749814,522.250091488688,6856.031237649483,39.300416471910694,1
48.729478460946204,0.5539499223033979,47.47987140257734,43.124565486604084,53.42900832676301,3.9300902709357346,0.386775003505581,611.7952785474135,6713.07343538247,69.16327674702481,2
53.44713309962333,0.32793025095126255,29.87464675070382,27.49225671835321,46.44268159509302,8.553138305189856,0.5331250657913713,804.7859387964731,13633.677088987664,87.17432873179723,3
72.09352220413373,0.774576214601264,79.82244941397175,73.69144906541263,63.26618758585306,3.1012478038125133,0.1930948695506978,510.5525932957984,7572.395766258511,41.38730222029184,1
76.01056656071768,0.8499120588656,53.49347416949372,82.06171087933622,66.21429934803325,3.510900028649788,0.17384492092513265,543.5181549190052,6315.583371694337,44.64087168288357,1
76.72015021109412,0.8196720473287952,,66.86320090053853,71.80749938183952,1.456988500306374,0.10057586604981217,290.3724913104798,4844.610106045334,50.94505063224972,1
38.611571093357824,0.5454539254526303,36.3509872111065,51.696937923520196,46.5986095215399,8.179329730032922,0.2926988087601145,830.096718127435,11333.690983811031,56.75168616491378,2
50.130028780718256,0.7870258553840999,91.43549892332544,78.7018167925809,80.19959613275134,3.8632030012416454,0.17181230762264943,475.8928589786765,6753.123916282699,36.04201103951876,1
19.491370699360296,0.35697458039238456,28.76401668564795,42.76720585547447,33.82553387540902,4.1757936778302795,0.5831001349932755,1119.0515997546415,12075.74893676178,94.40771187988216,3
29.981525221038606,0.33628766953912537,45.023461011939595,36.77826173966627,41.60476206998845,6.125543902332355,0.4769688351104091,994.1086603219957,15062.03935472177,87.23914134064661,3
70.030755505249,0.8228783289140185,73.30942510232553,66.59269826940958,76.01788324490335,3.749455651688936,0.1411028469806705,270.3624080736158,5226.641796779511,28.070948022040927,1
62.217779327270485,0.633509979858294,47.48239756101718,42.17982363092393,81.6723475496209,3.524358111825768,0.2336028415489727,695.0665321398147,10605.998446014399,58.147123411222914,2
46.066434562512164,0.3463894192231951,46.57700752931482,46.67594882706817,23.146890612380595,8.628766988109694,0.44093192576701995,999.3748607739449,12449.549171979066,100.0,3
116.09300727014592,0.8911240999839709,70.00473588649024,77.88701375239462,72.96123104524737,0.802464774303032,0.056715381181744344,211.68929558953738,2792.6891400218556,16.654401161072286,0
85.80953989457224,0.8491209041831751,48.642960589546796,78.3399748093225,99.19814256272149,2.609252157091916,0.10601423426007853,572.683384221876,7075.26299492533,35.760053914124114,1
69.0777163737051,0.864501467447008,100.0,81.9321960712863,95.7681136957268,0.0,0.08159049647107564,145.38436176637106,3786.2050241835955,21.065488499895917,0
49.71375795255256,0.525542696727047,37.60305417207002,55.037360462124255,61.98875151980875,3.858811323528796,0.27202728149430383,466.5380847320147,7284.549800798152,65.07991326912544,2
74.3494460859506,0.6838783946428835,48.04784103620761,49.984494941640975,50.381897416634494,6.927944565846918,0.3861190429287833,612.2744037821348,9883.835300832887,69.19076482987768,2
79.92858927786398,0.8621378924576878,96.5559560937658,73.12087191357935,75.76380731929325,0.0,0.09780491807739235,265.65342577943574,5007.737207566994,17.373491164399763,0
56.55110635117103,0.5349677254520825,,50.63956786910933,,4.0153734679278115,0.21363446187709872,608.4974887345661,10596.99247489971,59.29501221940909,2
59.025310188579176,0.7961239472035309,62.59677738910454,76.48135254019752,50.762520683177165,1.5502244610975104,0.10613496271106682,441.71904643825644,6225.216862715698,49.90726136849952,1
32.13071170430961,0.43843226833882637,27.7852676582461,29.170146549004773,24.657013736155413,9.824870498518333,0.5871687508874915,233.8236595294136,15688.441778720546,71.33121301584579,3
95.16411778552356,0.9653957340462009,92.95827144258479,84.701095260977,77.90823553958302,0.6084351936701955,0.033383188787053084,199.24034356150054,3561.4734564807145,16.959020027012734,0
52.565792200257405,0.5219472397355007,28.340760572048897,70.60558616616052,40.68328054107717,5.919822974686893,0.26493518537801203,574.0580910114866,12546.630352498329,46.28098857068643,2
82.56739149889884,0.9532202059129813,98.52206926741448,69.00863513552987,75.119323003441,0.911657340990905,0.06734813291274525,246.0674801493248,4596.876712514023,16.49646290203246,0
40.522593219516864,0.5300338001634083,,67.22128605684969,52.25220566211704,6.1800856753065725,0.21695840320916066,545.2017673031837,10211.331030900223,46.52873710470303,2
54.59344687433303,0.7261164003001126,74.4425003342384,73.39052231328152,59.382209848852256,1.827431219082047,0.10209449610309129,487.9592587986366,7463.779701921603,27.432049114305393,1
86.77468931090081,0.94225194520583,94.47381122437156,97.24627087226332,72.99970433327182,1.038591940227033,0.09716398998349454,167.82408848099286,4793.055678093952,15.285065624485423,0
54.940453543324786,0.52561914927324,55.17144677332018,55.56820840774998,52.47555809726745,4.810447490888675,0.2864153765888392,407.8053489784718,13115.051364691393,48.96791634278317,2
43.87284541528503,0.357181357847832,32.79505248276589,37.127187838510785,48.375627033583726,6.372709287880651,0.538161849182242,1147.2924854914754,15340.07237730405,91.62881268667412,3
55.1278988087895,0.663557065971389,34.96490554377007,50.30478850265665,37.096766242343506,6.988886828167237,0.3084474410983697,708.5420428766669,10436.463931343305,86.01683114180395,2
96.89453258208289,0.9454437030968872,82.11602705879478,89.78089996627456,76.99438353209707,0.9803765141895254,0.03220109780694608,189.54883713569873,3359.050789614858,12.097382750976386,0
75.51568177193906,0.9033076853028609,88.6467543109722,87.77983064742709,97.45772773990092,0.0,0.023399924529920024,144.68459093858291,4600.373558837406,13.135834239541165,0
104.35796508449043,0.9087288547266744,,77.49094450219886,93.99858309172407,0.427002195009054,0.018369157584081898,172.40709270537766,6247.168717350513,12.178762006713058,0
122.31532854445939,0.9514701905839543,98.99427272307244,78.75210453065948,89.93420115154902,0.9929572010752645,0.016935245122089805,265.6204310871316,3872.692990609242,12.733859753363625,0
50.52842578111047,0.38803979959109813,28.987701081929057,27.911660365346613,31.567393957062574,7.729514208735937,0.4661835858133634,1454.0349229726394,15319.833139456416,74.75813175670795,3
87.24907394562209,0.9759703428453426,75.11040246016786,96.98641371991052,56.751652202282486,0.0,0.04260118974870596,217.43221721671102,4066.1053473421384,6.1578031721857425,0
33.1387768141595,0.6745460500969204,40.10727358335104,54.01771282558574,52.69466736734272,8.780999562481494,0.2965937744170711,595.8727642424045,12705.25482061212,76.6125921454787,2
28.84008573896017,0.45027501720580915,30.807977297195038,37.827863247589335,41.21505011401715,6.0472494574332565,0.47409363972159996,732.2632481929289,13696.3110730929,88.67365506816178,3
67.77839522289737,0.7098049236346577,55.56197189968341,69.83176554090893,71.52466431534265,1.3034604127620857,0.14110956026007065,,6165.767175147157,35.66990717224872,1
102.31510858878929,0.879714644913961,74.75438046716495,71.66842689346345,100.0,1.0799933805591433,0.041455573487813695,217.39530581624427,3310.744556663721,10.948737814928094,0
72.54802788034806,0.8290209540024152,56.72764024715773,71.8277861629195,,5.717257218890275,0.10817253457467783,292.7860988014393,3477.676446034399,39.365598041576675,1
38.987747043677516,0.3124546211763771,44.55330654117616,46.177811380470104,40.570131363710516,6.705518724023907,0.6358834598152099,982.3354570291826,12720.338673350408,77.00807993349747,3
54.38364280344621,0.3409762548301425,27.713718583094607,39.09132400743963,43.1747193473109,7.936163010713276,0.631603742892997,1264.9329331441477,13769.146500964878,83.19520086409375,3
31.72485025141046,0.4551223701850655,40.89311302381848,20.35385241284107,42.00651803955687,8.72514163005297,0.590374725265091,1410.5265863418026,13153.829490411945,97.81016361735112,3
42.38363158127819,0.6586522700876508,57.46312323007994,45.72244312953248,51.813437943778915,6.966850976229207,0.39670429454304446,549.7837001840189,9287.774013711576,50.44877420650647,2
72.6654055832026,0.8450689922888756,87.12577394902237,73.18067253808374,69.324597657567,4.723100224394159,0.1165954895295785,543.2342031217502,6370.819052316809,44.85729995679863,1
53.02182611183951,0.515881316928606,32.70257193147937,55.96442339560671,58.25169446615431,6.608385839106843,0.3081587509971089,,11649.035642984125,73.17115067339866,2
87.99825160038431,0.7502812071056308,67.76821535625832,76.54980609474418,57.40178655233897,2.1520728354013774,0.13479414115821667,358.92913408975835,8215.206779284237,31.7767953078866,1
31.02922755084746,0.39425743347963293,,36.08435673726904,43.72434646982213,6.419867349729444,0.4975312046295097,860.6148108104821,14354.828946083428,87.83287871546142,3
59.98241591169598,0.6388301147019662,33.75960288144496,30.638846863213786,56.510163635432285,8.057365221392784,0.38766096368969655,,10566.92701460319,64.89187130147664,2
66.92384157996918,0.8006098467858751,54.068212031956435,71.80163339645661,44.426821688015146,0.0,0.186456360952267,182.73304539859637,7366.471645128328,29.646718140460774,1
100.1948452923419,0.8938327345692847,79.94650270206517,86.95975033864603,83.80375301328088,1.8886627535509601,0.0353369078573437,173.66222836725046,4291.8878901323,24.190918383975614,0
46.630558725277226,0.560253052152,29.07633427013456,57.792340343136075,67.60132715330697,4.272097557158388,0.2096285671956707,742.5461387960363,12682.107889133706,58.955507814625285,2
41.748873857144225,0.5187714569646712,50.131006917673766,52.65155527298887,62.70316641953861,7.306566346499076,0.28608548206419804,1003.130154854544,9005.141623846095,41.69367103143543,2
59.17697384716471,0.6214179157437507,57.464415138757104,67.495813052725,42.826973473984005,7.565740487162692,0.30247275550915814,563.0906267805077,8790.27864462976,81.70942717497815,2
32.53618464363596,0.42682080627526625,43.394197178188634,34.15575958398154,38.156433492829045,7.120822577936453,0.41369462365071513,337.6747250852294,12990.92351356238,78.07579020126144,3
42.42312786241775,0.34139851568768537,28.786912953969416,35.054946039512295,50.8447958307307,6.844939812984892,0.5716145930107902,,14154.855225120953,83.3986720443336,3
47.34371394535679,0.6014823877435618,38.05719147842498,49.81441994233933,,5.201776295594501,0.2789152151195293,502.0654841382657,7137.171415412869,44.158640569945106,2
101.45121565683937,0.9735685576331942,86.18616271239094,78.85227134843082,71.50053844878005,1.3428151624026237,0.04454549947404816,92.40922993353476,3432.3625329019405,13.944348805861528,0
69.20800148612955,0.8412588567428387,57.77421736052213,84.7168617264446,87.35644578195938,4.764262657859879,0.10101311840277434,226.60164705826475,7146.970685792513,37.332161312635016,1
51.559684970209105,0.6804906614571683,48.114925724584175,42.55215793273473,34.63483138016498,4.708861142703049,0.29720009875952064,517.6912638388558,10052.649866890222,61.598563919974005,2
82.21087366488055,0.8038739240003838,70.64697602000265,92.08260561810388,58.81789761906827,1.5842239418644237,0.17889851599207934,290.5413460447071,7879.034425917273,32.49953485401047,1
101.73228203681926,0.8978300227481708,66.02735510300813,96.71245789321543,99.0277579146288,1.7795667272403815,0.07195645166429232,145.4516784892401,3749.3146228632663,9.47147665757032,0
63.05027594727823,0.5681208333162583,59.51716042553877,48.49394080563157,46.43495372475219,8.220604723965529,0.3211558498905381,422.48907176002035,8067.516340187952,54.075357408471056,2
78.28602687457851,0.7728384549489097,66.1877494988032,64.29153683522564,68.46807339947502,3.613887581395864,0.10389960125749116,391.16370407946647,6100.440938314957,32.41203937332897,1
41.851737438967405,0.42058857529589233,28.331133031840835,22.68266784581344,25.13722970049706,9.05791587278504,0.44624351295354614,388.3116168983752,17284.92422555491,100.0,3
61.649145220018895,0.7389002345975642,44.801966950646026,59.619529283812085,70.91673414051081,3.7409278079905808,0.13472770390305078,292.72569742601934,6710.646441923139,55.740826697499735,1
45.97924972986726,0.4241320959649168,45.86274594070654,31.416684162504122,27.241679134300618,7.939711460958298,0.5629073751872989,,14538.284376939559,89.67693171765433,3
34.390654462053654,0.32496416279336965,22.86465208075304,41.985355445547725,38.753822038098704,5.654816782294515,0.6942962134488055,1337.8150752316506,13831.835918958146,67.26967531793119,3
29.84003280703741,0.40225509244015023,40.69295817805951,56.72757257850306,37.302814684426636,10.0,0.6293583383964153,898.9306523249527,15091.718103971629,85.8958068125525,3
45.965213699182236,0.4693937708414121,27.37221006120324,43.028532481466286,63.33244404285301,8.384565348798082,0.677914782019026,994.3873730662308,13263.668322534682,96.24112719986013,3
74.14218579143481,0.9706655811519258,72.06766344145856,76.05650087324597,71.79248597841084,0.4643866615745883,0.011288374990035398,242.83085523128386,4660.117582001166,17.58089143557479,0
57.25387595670471,0.6317081031340109,49.260192319193166,54.496559066258506,45.79534592115188,6.423634157948956,0.2975255619334422,575.5399554084354,8851.849879826423,53.24821725025618,2
18.312797964795116,0.31537241505523267,29.82654345676578,46.64016978210531,40.03084126825027,7.641579050749223,0.42187055061037104,1024.7538097969568,10867.827755455228,77.37275221433785,3
48.42943770177936,0.5642991402495764,33.19309193871304,48.674833204581034,55.9467531591821,6.046277446196336,0.32069861920867576,804.0987893757977,8160.664036615276,29.804878441791747,2
52.045445528362265,0.5483863360631059,36.545486333901295,58.43372622157059,61.71338891194044,6.473163501752395,0.30403397846215025,805.4563166954671,10519.152637659245,54.910363742925014,2
83.25331137075011,0.9444336545337605,76.0463578308379,85.15378981372106,91.46115655329771,0.0,0.01564206594596793,241.25491323338173,3224.37004145913,11.709417554623716,0
40.36015694800055,0.6577864943552014,53.47533348275467,48.40405438175004,66.33965998466478,5.547478257652497,0.39281568329802163,713.407998311797,10540.318337709437,54.17241342388418,2
41.77757750587864,0.3008726539300618,35.40949174952636,28.468768111191665,41.9150693879273,8.136741258620521,0.6283113370752349,1026.5972772884313,14515.019858528072,78.8234810456565,3
32.977932976505976,0.49135996309685726,29.3034209501302,12.339843433790332,40.16890716242484,5.117035876780445,0.5106121512594386,937.1642303052773,13016.39408116561,83.52219681182528,3
92.7030122854474,0.8817991082047987,79.55476860672609,100.0,76.72376287128776,1.3651254119830105,0.07100318802790398,122.31206169919679,4766.855204861499,16.882047630487584,0
73.64047029783032,0.9569810324923926,100.0,86.92292978141896,78.22132546889875,0.12151716345192987,0.015228275687231481,129.37321182894985,4009.875348782575,9.989062721092637,0
77.31340277021006,0.923929687667117,94.2205597513225,60.90111832893192,79.07153130400673,1.0150192265942894,0.05176856435081536,201.12329464060232,4509.513864710962,9.095935923455777,0
96.90665776461894,0.8688325322143979,85.29794198065194,82.62304875310359,82.30681717034277,1.9808534491374752,0.05661644749413211,162.88852399041826,3026.04850591392,7.6623736712378,0
96.98223830008354,0.967056418535647,62.30681038543888,75.63711367593228,75.25005463122005,0.8203759997647629,0.030541182714432923,194.83726199254764,2708.5190416485343,14.120727977839644,0
28.079763251756106,0.339166616826854,23.038920352028445,37.7105168064859,30.058199075982127,8.786538446940444,0.4440888128764629,1423.898426688049,14915.357745872536,96.40149038521267,3
37.79370256864529,0.683497168626398,46.41742440065249,31.642887259589795,58.96078000975146,7.239852664791609,0.21244064523294057,474.72856475549656,13134.98806699816,43.923389728819416,2
47.24112080938773,0.6613930981767987,42.60265231143717,71.87649874550019,32.26632317395642,4.872599649884198,0.2331499559640312,587.544959476084,7704.251836136408,57.333476707655855,2
97.90833456097128,0.9155493828498431,81.44229751905104,86.57054581409442,81.95293297815675,1.0413790525858477,0.027109688480535486,221.29436030965178,3996.2278427598717,11.792565454778451,0
42.52272966183227,0.43332009580932385,18.74963567136453,36.85724759793628,27.96867397983307,7.987296886454263,0.40363093503283226,1468.6765395851264,11452.180317284614,91.04515326355367,3
96.63078150932675,0.914305303147965,87.64171507368101,80.13420109326192,70.44595154367506,1.3389936853092463,0.03599964450182491,237.20959857499685,3794.978304851647,11.75313480839287,0
30.520527860540277,0.6575098171717558,56.44777381228263,54.06477477238418,36.044613911129474,8.7574194925267,0.2480797825787014,413.2753142672765,10031.999047066174,50.460605806033556,2
101.78850456758197,0.9154921284653149,87.58995658491337,100.0,70.3386891213645,1.9578822281769765,0.04177453524402722,190.54398046114832,4736.1111947549625,14.362254398112329,0
27.452416828339352,0.36631293981343876,30.766947701701643,32.070147685453904,44.43880230217436,8.022283126097514,0.5228236215451055,1212.892387151742,14941.498714012065,89.04294754961698,3
44.608364934799845,0.33031901496001986,28.70127295465271,43.42023153079731,34.271279104622515,4.666779417700168,0.41127132711967224,1104.3029450615008,12916.960358884377,78.24291920838388,3
79.71926041404323,0.8112844490438073,50.71139380600713,66.97923181608994,87.00435207788574,1.406554267250439,0.1712621333098513,280.1716614252842,5975.844718221449,39.62060893251896,1
61.217538013465436,0.6181275667989276,,52.285765275178974,76.62597770117735,6.76620042414644,0.2334642608002121,662.7597331333026,12002.591826688204,66.50450092536138,2
85.57227942482365,0.9270781696310152,88.34517528374586,61.908162687151346,81.88464326481741,2.0819420597408493,0.05155445294318073,,4267.950657400083,17.48871544545697,0
61.81876235648812,0.7292860904434738,50.80167578351875,55.33345829592494,85.87310570415862,4.406340183307147,0.1562072794402571,399.44039811709536,7253.651866666827,24.08299123860686,1
32.6623907359429,0.46779946554360213,28.10656370618857,34.51768806886711,44.54795169642381,9.548262923238731,0.6451384426046756,699.5688770484767,15071.214284782673,85.49773687180961,3
74.26765005283441,0.7268883417861685,70.0435173324235,86.64109679357384,55.05412466249399,2.5801903707509677,0.18652957589089125,352.1162543991596,5698.924830914549,41.934789119139936,1
98.99501306062159,0.9357618974715622,74.40789830782765,85.6974684884105,72.3228256706704,0.0,0.0417662653107121,144.91034010400531,2728.5325047204574,20.563441874949625,0
30.27432505190645,0.6370887766443802,39.85069128610718,48.36679192716102,,5.693031442088287,0.32834687945971164,767.6098223853692,12198.776895497678,56.40231354210914,2
55.441834375292515,0.7648028391391759,,54.06022058241939,71.16210578105844,5.270396961979167,0.17045544280274455,338.6639187481717,4645.468340782871,25.7048913980759,1
38.184469906595396,0.5537067512135214,51.88530102476016,37.14045226285174,56.05093862744307,6.791871351253546,0.21539589341299326,517.9979873119102,9675.490576298836,76.73452090298537,2
42.27256427778903,0.4413259739757419,18.160949433356887,22.40016424453581,49.260623778119665,9.311202855099015,0.6598286900835074,539.0429155168649,15207.684321141192,88.40589216400497,3
105.50452120903238,0.9112227536300047,85.39069332539042,82.44158863096908,76.07458164093426,0.0,0.09618229135754357,256.21766799352514,3715.302789425764,17.823029629468003,0
34.21793798611629,0.4829097327697118,28.423200179823517,22.15627928224763,35.609940491287716,10.0,0.4027162484741113,852.2661777008447,17448.87033135571,98.81454078690487,3
96.92680054063774,0.8798905504700201,87.43172400918071,90.67941743075131,71.61674197284735,0.12948289415231107,0.032280379325189776,196.64108549753223,3451.3324587649363,18.410260328563098,0
40.364138868045615,0.48654210162655226,33.357390528195474,23.796643517353857,42.067747798344165,10.0,0.6213752180062075,1204.4018509556827,12580.725596419437,85.37937835447602,3
101.80522574784692,0.740328027157329,78.70917089277195,66.76430049643767,86.60447149453962,3.961779993616605,0.14543454230676553,266.1394200276751,7116.252964253276,28.941391792411068,1
60.89230058053853,0.7665879181759566,76.94146501725358,61.71536048633588,70.06139511513184,4.189754050189647,0.11053932181078052,398.3464249752374,5978.980884567047,49.43632003468814,1
31.111097592075414,0.3140983891286289,40.239824034431244,26.689121681704954,41.35718590547999,8.329820286853115,0.6055402929623452,900.6074850450032,12899.99448905818,74.14849473442202,3
54.13753044332076,0.8242833396859122,55.10102252428398,61.983152174826756,85.08302838961839,1.28169267300162,0.1505634153421959,263.66273752788413,6306.948535972237,26.485935657396865,1
45.02733011530383,0.6353881565993674,45.91344406087761,51.64655155358569,50.32718148363762,9.181809809809035,0.3221093510030849,671.0448115217182,8580.919313603901,65.55512646342248,2
40.0512987532492,0.40298666998265187,36.21808754319743,32.75184282182732,44.249661162475455,6.44068743907858,0.4667083914244511,913.6320980676117,18955.571302233984,89.32959825360696,3
96.90985355351476,0.7623662655284983,79.07261725071884,42.032142837437206,86.28890044484196,4.582828276996564,0.11716939077054496,136.42522609831224,6511.944222737497,38.278211728430854,1
40.14640044339055,0.5674413151131504,47.453428322659676,54.33489717448523,45.32718929500234,5.054297155300714,0.37913495552375576,407.33544383886004,10319.436301543039,45.51408585366456,2
24.852909218814265,0.42568529132291744,18.590285721591254,41.705895036569125,52.444980760210576,8.264041845235115,0.6464165088702083,984.0638040947364,16426.839701097688,95.96469233810883,3
62.799695140081965,0.7581739134875396,63.25390020960333,66.6915736849496,,3.7442473583969047,0.10665647279142229,404.4267973349114,5705.644434630516,37.11283692279473,1
97.02030034864241,0.883016698885713,72.05402830274744,70.29091242812402,77.7587370296565,0.3823908181992134,0.05178146677653025,244.8533098443566,5019.247901500032,18.25760995669753,0
58.794683835869485,0.6096838325987125,53.07921143225886,63.96596891581264,59.97577582125739,7.502261695611701,0.303601613280925,693.6107122679214,10570.339791826398,51.389120898264295,2
65.0419384911027,0.8335614275828993,72.89064425016655,72.61596892799365,78.12111353308882,5.162575141425078,0.16541327370278736,419.0635591265024,7419.505991228247,24.674760964724605,1
42.54524489086434,0.5627653616448831,40.54027228531751,42.419146733128,46.7513882549116,7.701295335564502,0.3014119293477437,576.4886886326586,8572.582274394406,75.19283923641768,2
100.08360279307874,0.9538538383691587,87.67945034771436,84.47171995425231,62.935921701109606,2.1050607298029096,0.03425606760630454,229.86141091266924,3118.0692651437885,17.316031460495616,0
98.47518746407546,0.9641276996396173,90.72941290429551,75.50575673274236,97.21681975597212,0.5399237458665014,0.03336188043475443,196.6806191205014,4347.634315383574,7.175986143189724,0
32.09547505673268,0.47762363778680716,35.287312992346365,32.66192190478584,35.3085096997419,9.289256492635394,0.5730107196573269,1227.0366039960945,15211.487909587033,74.83316871423503,3
57.36314055708687,0.5625555978420708,61.3610869105258,37.986966502321664,63.302573738261046,8.669806495686888,0.20778760333753313,694.4624817598011,10605.143640597977,70.90980425185967,2
84.31152465499503,0.7871425569832269,85.04054948780893,64.09427781764796,,2.17021172484767,0.15968518768877596,436.7649292991422,4412.328261943934,41.25508016831036,1
68.0566058724261,0.6355063227767369,38.9719212866449,55.58291674755797,,6.00275930201597,0.33817679531016454,408.484057180337,11640.282004428009,73.41475915530881,2
67.7767198473213,0.5358712020578482,41.109988198217756,68.1994885054967,66.43118073578688,6.9473862734644545,0.23394568571538465,833.1240631072161,11336.777916280185,64.1486550036191,2
24.556504091840186,0.5307382085688409,41.13060645698277,33.452717235900025,61.46557790523114,6.302220874569615,0.31856803610162204,714.791465754714,9320.794144725569,58.49162288433305,2
27.670587990568617,0.4761946011279315,33.16187092941087,41.39343055924319,44.28790639938724,7.317784194902566,0.6658280305939623,1188.8588752665432,12473.402881941262,93.95355430762599,3
69.24310089732388,0.827108189585706,67.35965434796613,67.81094803417099,62.730568539940535,3.5146005133889027,0.19379652314338944,430.8450108331515,6245.025194405449,27.53421653459761,1
44.5590117378035,0.5334982178188216,27.065625684251508,45.37184313660489,47.6476642494687,8.103790114531208,0.2598766747410697,526.9195618207609,9490.260685286634,52.30003933802543,2
56.31796369100066,0.5293843847167542,44.811836796877785,58.811833430420066,50.437101328837564,2.163800798992415,0.31268167289677085,577.4843667621743,9495.535493778096,63.01107339191742,2
26.325077693028092,0.35472808357215435,26.89194409602751,34.80274175414805,21.14233081245758,7.2123962631129865,0.6467143633556063,964.970225261426,12810.299493403021,100.0,3
78.27858415909408,0.7470813245083705,69.30078974907816,84.68623838288474,72.0523274450694,1.223459741531966,0.1489392537406589,,6542.74047712834,52.04105516255491,1
84.18430427367912,0.9110207201427585,80.32962544201929,65.35707477764387,74.10126609682298,1.344945001546285,0.027677729428481568,295.2068294786503,5149.102877347571,26.09390116724067,0
85.51348752729425,0.7211835315059724,51.42772823881251,54.50169277878159,74.36279200265061,1.637024556387843,0.11828377798688172,328.4951817033375,6073.527120305479,43.33333911780307,1
44.252419412588274,0.573478145739414,44.48455924387104,41.55101546589526,59.818727300652625,6.936631169878277,0.23502462802607066,434.6561775245365,10933.371173436077,64.08607307701767,2
39.86292414742003,0.4500531527877685,39.45718598309975,33.8655870000313,28.161148239475004,6.5709059830582595,0.5458391455644772,921.488479696532,11903.164127088312,78.32220443531114,3
29.558976443131193,0.6521151284910565,44.83508247254895,37.86058293842617,78.27031082919359,3.197994323687832,0.3999115406500877,521.0628215223868,11869.45001933195,56.149781882871366,2
101.43208375887357,0.9264781014325687,86.30549238776679,78.49167274370036,80.02215146277207,1.0563362868121209,0.04943607519235101,174.39271338259334,3713.05869165584,16.436644522015047,0
39.15191358443131,0.42166390000155435,24.854257132216894,30.629927694991675,52.21235660066961,7.025683954708588,0.5176280730713718,839.399473895133,14901.76811974888,77.69043724284526,3
67.66077456776549,0.709924778325166,73.45328402343593,88.4062592923861,72.06766757321175,1.9459079761310418,0.1030103872211319,279.53067171718874,6749.564290204592,37.52240396426677,1
104.32264797350759,0.8976324550386382,85.03444814274253,90.33400851237562,,0.019012801671081436,0.09670242884014342,243.8023396264897,5138.889429994698,11.980096870153853,0
59.5919127894705,0.6870969027054992,37.07409972028774,45.31566151719633,41.14366308840561,3.8091981939815267,0.3936152762901467,644.7587769849457,10248.413626105534,30.088640290992767,2
57.300962953207225,0.6507736165419826,55.92322637437864,51.66661687057323,61.79303179293057,7.3980272400260105,0.21112110433609213,457.6625218762744,12510.415445632174,69.32191564260384,2
25.66725663011299,0.33692649146947384,29.105834212544014,28.3111440329632,21.15213640983726,8.458628256869295,0.48638360280279774,1513.8003138515705,10266.626321377918,84.31365953914532,3
91.77305161762551,0.9015936529836528,91.26138139873233,97.51456421814265,100.0,1.8098893216611167,0.09085478199256314,117.25562818858519,3473.130631334271,14.386455332021379,0
64.33672948569244,0.5064886892094373,54.79655851860522,54.23341948608575,79.96919084847028,2.511338561443485,0.3876631457302632,687.3366716345641,7193.943975637289,51.39614989220498,2
72.04453416554026,0.8879287177375167,63.30585683826509,95.2865437945589,85.15475600244176,1.4333886157338946,0.05296153583101613,135.6418215707875,2599.08989209855,12.082003368269977,0
63.566480312710254,0.75714869105026,71.68977162234273,75.81335926334725,76.92499442067044,1.8116866407229621,0.1303285890849283,176.36709716858547,6441.591154583759,39.49218721285034,1
80.44021973692914,0.8741828217962684,85.43271095702855,85.5330742059876,100.0,1.4990855654659427,0.01616054073094151,151.8633717357694,3857.132616672242,18.051080847946114,0
44.18675147676656,0.38064155122665044,,38.22640312196225,,4.877295328445401,0.47660091212897326,1413.9516099220173,13367.347930299904,77.16246478875571,3
52.08069357759664,0.5790518630862316,41.68008654315251,46.5038500996445,40.60168333384482,5.415489569112319,0.3758660431356948,372.82945362288496,10551.662092520544,77.54933071647241,2
57.16909735838735,0.8128596823455682,85.71089563725137,93.87826088005069,75.2641375734356,5.439570608502949,0.18244715176045492,349.73803861682404,6537.317483994433,32.514713819255505,1
26.901728250392214,0.4830121465034445,33.509647018678976,31.21387962533561,63.50205800005722,2.671335357851106,0.49254048444684523,454.6062323838536,15647.371084134113,84.05541285557997,3
40.74751422495351,0.48935124893844817,35.81313504644645,45.77335779003893,35.25654558096527,8.146869038482238,0.597851794495398,899.0864010668788,12585.855401671435,88.61417317273103,3
34.61265083085495,0.5834386837129153,40.75464176887996,46.61506035707703,72.95322680110672,5.048022795227265,0.37959292936955774,570.8596302032221,8805.096058046973,70.48707126416564,2
38.75119301485307,0.48529275959123697,27.060623672065148,30.248774623837583,38.93778506157989,8.166962251039703,0.5178685326679537,844.0074734777435,13972.24091831419,80.8850685543782,3
45.753864508057966,0.4947600826714299,16.99391506539897,37.72762152177301,29.80493797615813,9.868855566462615,0.6712729874222695,1254.0312325649481,9792.54957803383,84.00905699758731,3
27.261905199735846,0.46346106244264734,21.04005745566976,19.1163118366579,33.89977022501644,9.354719043372844,0.4153881546943647,767.4897431728828,8062.280897534461,81.25177943378193,3
91.95723405733482,0.935799381742539,,92.14318935873654,77.9366247810647,0.8303318412187779,0.0341356930970422,142.2818665883508,2556.9402618038894,13.050381467202774,0
29.384656431381707,0.42830089625125034,35.897225710367664,39.187160135216125,36.74412642846878,7.374967678648659,0.4689981261889722,1183.0069509353352,11164.271829971449,79.98597853114363,3
56.64606977849968,0.5793984324414948,54.38114075169052,43.04138579855224,71.8171480271929,3.716656356521219,0.25412878839635317,733.9430805163154,12682.666134880761,55.903134073705026,2
50.03419813907003,0.7495427001253127,44.10026321683206,83.73527538460108,73.1456994879605,4.3920676065085384,0.15561906926300118,454.28283512706764,5637.723478100709,28.230048615414688,1
76.85766247933678,0.7486494066027276,73.71919903350809,90.26130586895357,94.34894778229301,4.375972742038163,0.15753591731290986,234.33767923222263,6051.301378671096,27.646965393180476,1
84.30472889059169,0.7328070833359809,77.16527297528745,82.87464091591472,74.88155289150716,2.570747044968044,0.19288595498455657,188.51337049830096,5954.044897133863,14.74192126888623,1
73.81759816432633,0.7443898044154924,68.51194150381141,70.92573743059752,94.33289652324143,5.926713072446692,0.15002785352077605,233.14007411218049,7485.4129101728795,33.27198262603535,1
54.66343316494806,0.6395665571010339,29.293656297429084,51.112767680532755,56.82921720249023,8.36446805787663,0.3891849288064173,,8654.586451376856,52.87779236350949,2
33.62209979711879,0.4457556108901295,41.0830718965628,25.03524870708356,20.29999544581126,9.417437347035863,0.4403728801312323,1069.4337767576717,15365.092611706099,82.84332362452368,3
73.1329020466604,0.888172199742739,100.0,85.2485750375127,76.39454157418699,1.6084077537992263,0.0176550746940317,338.29898072196335,2245.0811549160107,19.38227822751468,0
45.73270539458976,0.5629836889177792,48.03766281018618,52.74741902746345,67.82751442330165,6.182376547687564,0.3991137800981376,791.5448079132282,10412.48453365829,47.929783521427844,2
76.22211859079536,0.8699814886204943,96.37251807842374,75.83072454670071,83.91949061078161,2.7320492913680816,0.07305503467550065,235.1440899297561,4307.417546515475,16.808305306235084,0
80.0337683980222,0.7038534467304112,59.877675624106736,49.14266032545536,85.67876522309616,3.524654280909087,0.11962457167061658,394.60951509942606,5427.289590649086,46.21857856230471,1
37.309584039756835,0.6275548283691182,44.89550431524158,69.70864270717799,54.766375611074835,4.32458113621006,0.32272758059787676,438.0911314350969,12248.176051729482,65.74071220894001,2
37.065182631406266,0.44034765477545146,13.227886034223145,41.47139777823209,,7.6888686109563285,0.6299581948664881,692.0892377002324,16619.059352700082,75.35294574249285,3
57.70564913017018,0.55017581997814,41.6706026561418,52.18025092132565,43.25422904702633,5.823911061647912,0.2124073527257563,650.7378731293768,10002.53230425815,38.71265905585188,2
33.3886869013246,0.5230292356790402,42.71181508545532,59.59956674433745,74.0017273269952,3.7644423195260597,0.2884066841862247,521.1180486157194,10147.095783042123,64.00481386506328,2
112.1890612854526,0.9102192668633564,100.0,76.66626441204565,75.66093703309289,0.0,0.07609291088429966,182.06481134755404,5842.634896681012,20.95274297171798,0
27.716444210736057,0.4080557786374842,32.00251789441291,28.66632519545924,,9.607838661761441,0.48889774056994,977.8081409216866,13997.58010218117,100.0,3
98.62153592519881,0.8242979359177434,60.3995867291164,61.51924283776913,83.4797268802735,3.8393655922657004,0.10402855187779986,318.6469650633764,6913.727899822219,9.677539147803145,1
70.88422697190221,0.6619350072531778,36.51565632703791,58.44283228097417,52.900665207984254,3.8602093418389933,0.3287913158895227,517.4827075595192,9726.245008541006,68.4073448212955,2
81.82277412471709,0.9730731376720412,86.92024106017504,88.25840852147925,94.50017381088276,2.141464317972251,0.05992183223095306,172.03350309313774,4407.583725434315,20.50661478867881,0
72.00227089877234,0.7811670737318267,50.26226940743847,76.06391800093678,86.5439159911399,5.902980504897606,0.1184838397947025,414.5521197768241,5771.77658401641,36.4098269961206,1
36.28546869128979,0.33267335167968404,22.807666703329524,30.862535329551452,34.518336440307536,6.923527628017691,0.5193380322787294,959.2435850835267,8142.984524969524,100.0,3
56.20400376573317,0.7093062125434831,65.60918302272978,61.185302837614344,85.20183732611652,3.265479467182591,0.15578736756600733,417.5286778933924,5141.409233380567,30.881766310363428,1
36.575984226560934,0.32465675585978937,,21.899160660346624,41.196002626671046,8.638320580183981,0.4427669665099347,1039.3062286236095,15925.413040674139,63.943530581596754,3
13.104269872246293,0.38308860011841794,31.9061162635853,39.05936742266631,30.84075272737573,10.0,0.5179441388482046,901.8948047170686,13766.601845305146,89.96199187363317,3
42.16995718678944,0.3145469895557337,29.493283997643054,27.820067494662325,26.878175224722174,9.005429783546514,0.6491868281295373,895.5119639255629,13046.455661320593,71.27534452115898,3
77.56235772470437,0.9001289071259665,80.4649366808538,100.0,94.41217713406269,1.2829461845074848,0.08237490084854958,160.2221466029559,4090.1880682558026,21.397593348800793,0
58.20515990914094,0.7199514698360993,82.07189097375806,86.41718178116575,,0.0,0.13578112493355932,,8207.016033360542,53.57702343537733,1
68.87750563604918,0.5420214385824703,54.82358390090994,43.7590128767429,35.54327012653397,6.867498441772692,0.33899062386860956,806.4744675029307,10466.115652149087,66.87065795858916,2
44.45919838137637,0.6198598574012777,26.722973019453793,31.52591615472085,56.43468309518182,5.996526953448609,0.2571251977124486,565.8168027674006,10984.093076906178,61.23078201656181,2
30.753923293395218,0.41010633611924513,34.04038746144405,14.913319988788388,39.61859914558351,8.099605581805665,0.4067693535116042,1068.7224064617108,16279.834399288517,87.24339656778082,3
41.407020811749994,0.41442459274444127,29.106625509735863,30.42244743765245,32.09987197918924,6.74129580062663,0.4919246348053109,775.2353148733233,18256.668181025012,98.31339061988403,3
26.94482073916869,0.3427989357396627,22.3011889824947,22.495284014716688,53.36920437564713,10.0,0.6395967341069909,1691.0916256314367,11141.824887367868,97.59233239786799,3
72.47403366387147,0.7384287271659032,64.434254499059,64.31362155808566,64.51300490809746,3.00027999695246,0.16748932030541547,515.0607550593069,7147.172380376306,27.091006183324467,1
47.63715669609503,0.6953122046645808,47.851285821152096,51.87538784413962,67.05251961715759,4.598926343980923,0.3531717287769484,452.129428699826,9608.915343142025,71.94762861876937,2
45.789357033080336,0.7641199792250033,67.0515902453545,85.48313354855277,81.46157944492143,2.2479460924982724,0.12691615709916293,258.1940078031064,7138.595745935409,28.65714152310597,1
73.62730030726014,0.8269186315795347,48.46749321765,56.11625829829249,69.65462718330248,1.9069828995813138,0.11090136156409287,318.8999136371155,5342.840992880497,37.586611478553884,1
95.40071416503737,0.8720042671022772,89.051821527026,88.3148526202176,,0.0,0.05505213856877482,261.4887112260968,4165.726555149923,26.06265519698621,0
39.243656443789476,0.327460006543114,,37.72523309129713,,9.550847466178748,0.643583870391365,957.3560389178361,14759.390454518929,95.29457481598357,3
70.42992610950745,0.7080452187281245,64.1734186186921,67.55527446350082,97.09774315993015,2.4739343330647556,0.1168278588507713,504.9994167450568,6927.213708478364,47.29214784297051,1
72.54713026934755,0.7691347507309872,68.402234270047,74.53395065466589,61.10391798351655,3.472059461331703,0.1838853861904069,521.8194711754256,7590.629056410645,43.721970000729776,1
102.94778705758193,0.8570795052546069,85.47719834996822,85.72724627403288,82.24754659787862,0.0,0.032391260986525935,239.66427025825627,3930.106639027576,16.538063340945982,0
35.102902380863284,0.3738272387618409,21.045011518199026,24.97363498157388,12.777222590768552,9.885090456906944,0.6639743880181044,1972.92789087842,18786.149762224024,83.18550930752484,3
61.392588409682475,0.9677595881569647,67.4263728383719,90.10227645169607,74.18251188371728,0.0045963969752524925,0.05122257549254818,291.3630752478507,4765.728925063584,10.859018635173827,0
87.80613669390951,0.9017525259886849,66.55480062955452,80.9136408746333,85.7458249785569,1.6795756851606412,0.02510331360814258,216.083927068825,4152.295511161995,10.024257590733104,0
64.84329400206502,0.6437436226524405,30.214120721211515,48.93512116819453,49.554490178030996,4.852139984065285,0.2888366813756733,763.9855661373315,10187.365425038857,80.42076040143743,2
48.893938283743566,0.6509138722411473,45.91873234409238,33.74400633340548,58.46093378459274,4.874615951119535,0.2691159171741626,699.7054117999664,9094.648432201018,70.01824853681937,2
18.746296185954115,0.3834789564658296,31.427871536472367,42.36009168004317,36.98636879559814,7.968164309995515,0.4990467850946813,1274.803095937327,13745.796065810913,81.73303786813636,3
44.013150333854696,0.5244995723931979,36.10359088897046,53.19632675917477,60.820015498278735,5.064355634335468,0.3089261742214272,687.9248700589175,9348.81816746043,62.571989703559275,2
48.42607543865121,0.5568368591423457,43.18392510386565,41.477983686784164,37.44680431466655,7.865487216691157,0.2319759526732883,265.00817709663534,8726.316285184343,65.13614464231097,2
39.11832804828856,0.42910687128210445,30.507445667916954,25.4350098331583,37.79357249884228,6.515503972867595,0.5240549590869877,885.1548431161094,13779.471582708402,81.02320306385396,3
49.14602124464497,0.6550469077798111,45.76841621266618,61.97186484622428,37.28719489873934,5.239185485178307,0.3876128279136263,550.3532739579591,11876.445404544567,64.80908092748895,2
50.18081463833291,0.753393666020596,71.78882102503421,56.98754549851452,63.35357689065894,4.772642093492242,0.11322687150984817,338.56768559037056,5873.033976784927,44.78889558556779,1
80.29876164285942,0.730613149173364,60.627424339213704,86.92256565777289,67.82385106444552,2.5080871195989616,0.1683870124909032,480.1080963788186,6062.095029840473,33.48700779767478,1
35.42911362040606,0.32943265021898904,22.930178816701158,32.88769790404479,29.387064682885182,7.9090700477419915,0.4923037268433846,1095.8574012348865,17323.010680913947,86.39887232839128,3
39.6297168280928,0.6519647316856776,30.581823183838182,53.812442664780725,53.36887252173079,7.236218205081177,0.37617903210895054,826.4186540111535,7516.56980181703,58.03719348612063,2
24.06145294159441,0.49231014642751325,24.60684078621063,11.800849757800009,46.98320815756202,7.494096601548472,0.5706866449845552,1207.857275271231,15265.305820138465,77.00059493298066,3
66.58540949343447,0.661019462408227,49.291861003982774,46.67342819436828,68.1243716882973,5.751145353787163,0.33475124595681793,514.645895658721,12480.758606181242,56.77971845507942,2
28.987008549874037,0.40913919376260516,28.475791468240406,27.554686256316906,38.834896216530176,10.0,0.4648094321179217,973.7694013668457,15119.062729562527,94.49594571364489,3
67.61788986274533,0.7185174798715532,47.182884999389024,79.03218778343269,52.18801897392342,3.2722699972613314,0.11531445000839563,521.4973511292237,7177.53977119057,50.280313593878326,1
39.93344350742241,0.36832822253812036,26.504265786561543,36.57250838113971,50.080040042932595,6.900790830670332,0.5791937134992136,820.9077139836778,9262.209889842181,80.8777925497553,3
88.03376802294271,0.8748249661995483,72.58252497729023,88.14479472483404,100.0,0.0,0.029057127584717762,226.02765288662135,3852.481460818277,13.80249038989125,0
65.12510826736552,0.6906240228788275,52.362950586145566,51.6984469724903,34.72651194021766,6.386640649508932,0.2105653372729444,508.7660238832861,10673.73788770904,63.11109991143195,2
38.12655093985627,0.42343884542339333,18.93485400987396,35.61586513125723,41.24072725719493,5.451014235001955,0.600005695567754,,16749.41390673993,100.0,3
60.27071836117982,0.8796333858517718,75.65076640643707,90.0687745639056,78.47743143077366,0.17401582197348364,0.06924766955554557,115.54084810163691,3625.8347655563,5.122561143914313,0
15.643788714588773,0.4841071770205109,28.622752111401528,35.234011837615,37.297232389898355,7.7877609688613365,0.4256209090488165,1511.3953017784406,13765.594580928615,89.72630345843406,3
42.5429062570904,0.5149791684003967,36.88770021460178,43.90099237128078,,6.057581627476964,0.2123893037157976,452.25103112744773,10367.636814037038,59.20932658135444,2
34.05553564123897,0.3898157028269752,30.899526965003652,48.47663796813519,58.4389869200195,5.529439010467451,0.4319870856809794,663.3540286357008,12523.909594926468,82.40199859232487,3
70.28835072207156,0.9183474324159816,97.97798608767293,83.86919664113765,68.4369986656395,0.0,0.0932177612015773,198.88498581409735,3478.85633472341,16.02379441200892,0
57.28495807012896,0.6118436263536916,41.26172065301721,40.59539710214243,,8.74008732234198,0.21594301463745702,355.06832422644413,10836.627031345219,61.94842340270138,2
75.97811772093458,0.7609624804861028,66.56872979693493,80.08382953101818,73.75442965274564,4.21367410236288,0.11312879720048243,300.83033365596896,5972.518302233496,36.893283072923744,1
99.84741622405521,0.9211236918818619,76.55631629466907,90.63135455168259,64.11095804160936,0.9070172084104987,0.05217012951320212,187.7060622124783,3857.18991669633,13.471904444658435,0
46.28558946307329,0.7031513735479541,62.09758260232363,63.93979779559197,71.19257098551547,3.098025894146645,0.10867065675956403,485.95848723435563,6721.851912785839,46.39555536025469,1
51.56733932600487,0.5664345044123464,48.9879671134117,60.17686412736359,64.2430053756528,7.298729368675053,0.21275891125071958,721.680529179401,7743.403250096872,52.211629571795655,2
72.17213033425077,0.8202760252679209,77.17291133488008,67.75737003543219,59.85638187636364,1.358452803674785,0.17561922341067807,555.8789184496894,4780.537573138329,51.296421311127986,1
30.875519863216724,0.3799966036587137,21.686123624071936,35.95678942573959,33.64576893164245,10.0,0.5258004041257864,1300.0065145278468,12636.634446496499,100.0,3
45.79844508751881,0.3076801754652689,28.194562971434042,34.661052715666614,,2.5735147316731766,0.6729790474479156,1185.665889406946,17013.646450858974,88.81309612264785,3
52.58410352130681,0.63943325085807,44.22009414756267,42.34190019941288,54.58573840202427,1.6026143755416706,0.375549880972525,797.9453493365578,10791.087889862829,55.22589293807199,2
54.47700811461734,0.5581753708463165,55.49343470455113,49.020135532793084,43.58476728234038,4.792219768688429,0.2258142493861763,,8835.41552713629,44.57196781757101,2
46.55349600123915,0.697624815190927,48.7452411656323,36.708148666551175,54.26573874665174,5.802217135206149,0.34193426870090493,746.351751815723,10369.647094814836,54.907866374008655,2
92.26084089999569,0.9201580923956726,65.8969521998432,100.0,78.08100772597471,1.9365041167304882,0.05819882257880185,80.65350649021636,3660.4154030138016,20.486500937718546,0
91.94115462528511,0.8923825401277958,71.8458080101836,78.2418602896668,61.14106305584987,0.20621347598103035,0.023906874699146707,207.46781007328926,4369.617067343167,0.7268666854780452,0
43.65599047291167,0.6933116878761088,44.052065333822036,54.30065687175318,65.16335802123896,6.293018401916886,0.20123676452817935,606.8237214496128,10657.118355561322,78.56647436561954,2
12.722587451243985,0.33383237876848404,39.4693408776743,55.09231677496114,39.594493844177656,8.488421805093504,0.6084910399364427,543.6610144916262,14492.07724720159,85.0855608082435,3
98.96462647277934,0.90767737205594,76.5387903325831,65.8978807121353,78.98216390408308,2.5101106799304107,0.08146130052393664,,4559.34225699109,12.050538411221961,0
92.28100943226829,0.9168276721739742,100.0,85.71880935718875,85.65727839793809,2.057016282948135,0.06247951815519083,209.93972941694267,3430.913486012005,22.12247910623474,0
46.084595037074465,0.5487990604704944,,37.5373598606557,32.349617163902494,4.8071649628133635,0.30521880265030843,431.81343898584123,11286.141345058639,58.678634110984525,2
44.18023084170323,0.7288386877702138,64.19110328475367,54.14889632724039,38.14475474012756,3.434480547314637,0.12416012764357631,404.5871444884565,7613.6177183667605,44.73101561015072,1
93.03786417874922,0.9394213974324845,74.78785485351796,91.83260389503326,78.33139616255362,2.2050956534500292,0.029582914593848007,260.33040774319574,2699.0133700167603,9.724553159116525,0
31.217367730180804,0.44080629051833137,18.14589861024757,30.31786559288368,27.59645747849028,8.587297547726141,0.6863999070637206,979.831131354704,12744.385920683773,92.31955502509845,3
32.328396139781596,0.6555455820135586,48.457419747308414,51.056538250260616,71.73550465853411,3.909571275358579,0.26256683950484405,,9387.503202435639,59.80126364631688,2
30.40931268296283,0.4623254028889707,38.68927110855337,31.274438079049308,22.11934504961967,9.863869084632618,0.6962105416936599,1328.9956806298287,15410.028481366631,73.46307718660141,3
62.30776189527814,0.7852402924403152,62.499563285016585,48.7958756199334,82.91087015860177,0.2941663109869568,0.1889000610814666,594.8342644789814,7366.891476247161,28.461016116744236,1
41.05007979288625,0.6008265683836876,38.74425457978346,38.462672092757145,44.8584566700808,3.8007054119014754,0.3855491466150815,583.8008024754198,10665.463513091183,67.1587274469096,2
57.24874527660743,0.5227931774238482,51.866845776496774,54.4556458127749,77.30773233332104,7.964357973533376,0.29167269588526124,,9994.006340128533,53.275144039936634,2
57.208801433799074,0.8037465102959978,66.97643981971288,63.995366918554794,76.57752654348607,3.1181665917995,0.14672609960075028,505.39209114064533,6728.595068925712,27.23500859507,1
71.3095490116711,0.7168595540764019,61.804418342428036,62.59802947453275,78.63856655398504,2.775852770983366,0.1610376059781692,451.4883596076372,7184.17349865104,38.243402100148685,1
40.7628377097708,0.6861344511124796,34.588113508947394,57.63334150933876,61.135919729948256,8.660763371316122,0.22566998532293897,798.15926075302,9866.329209281354,68.46882103884914,2
54.32499615181017,0.5918687311187912,46.6964171015311,43.65268109733395,64.31975234072976,5.88773143408083,0.3282172207164319,639.3100213630088,6967.051965156641,56.491505699235255,2
109.28442263888765,0.8902214844417881,93.3355809441802,77.38570245574417,75.5056128873526,0.6780156335407486,0.06379141019711132,205.4401854852704,2519.7642867360805,3.8476599043777053,0
43.56033152764225,0.3842601763266729,31.496934565622347,22.370598384776088,37.874986353088346,10.0,0.5027185369887579,736.5210241529601,14150.016658987504,89.80744579767983,3
109.62227392935523,0.8526247320981083,91.6644936680758,85.95735833866563,72.88010132444079,0.46153853937745803,0.041465295892695,249.6464884647764,2843.1007339851803,18.310259173792367,0
64.19601949505697,0.5411763976356643,38.89744761747475,46.57034833843346,59.59698588453783,4.3904813067625215,0.3717200213964997,616.1166561511338,10635.479256183518,63.23185482458206,2
78.45932655390281,0.7084320858189818,72.27552859524616,77.65263396618299,76.7485034411409,4.3479267593979705,0.13141620638369722,263.16369079459776,5302.084537641174,37.85803286794733,1
33.1351631461645,0.6829669899993756,42.10508156251748,46.265703049838194,55.04656740016488,9.244349837739708,0.3823570224763543,659.3131478082057,8731.384276257731,54.10667768572638,2
28.130490590601266,0.389594331276438,39.37359595247166,36.8331746759929,39.55254415244017,5.938574137467762,0.5063644626485823,686.9156769593089,10901.870489036992,89.12998912137797,3
92.15863305899498,0.8753124157597344,83.67309007428744,89.89083878150743,81.81046245530564,1.3803068424015443,0.03714281828861964,170.54439336094364,3285.928353146406,14.110410620978008,0
37.6805203105752,0.33943659639361323,21.715395861518466,45.77314745147585,27.38788148147691,10.0,0.6048013457388277,1124.5529806969216,11241.06443314165,92.63860351633423,3
60.984601296195855,0.6664782083403815,53.824459809444605,61.99875483780683,41.90924092032678,7.588602263954012,0.3597111676261198,632.502467844643,9739.494406211992,57.811337482643744,2
50.93332968433586,0.8143194430675487,59.50668602940492,71.58623763417863,68.27924313813132,1.6704372890400299,0.10672846129215147,485.14772375556987,6997.83252042818,32.6893052254232,1
40.7770374406967,0.5056243012555848,61.08225381850963,35.73877631238824,58.339587749533976,5.390155575285346,0.24700625976238375,439.4712655658502,12521.49687624272,51.03667341407938,2
60.14252497311495,0.6930897269201242,31.539253438294963,50.0593816941515,65.30426213758751,5.211054613143958,0.39548763684080246,,9030.447119104403,57.00818227572566,2
65.3724927280312,0.7513338287168356,65.32503587015043,71.2507352695409,52.19678155608893,2.552390592114235,0.1986176797283695,343.3605408785277,7410.017064111478,37.09470083647773,1
48.101160245913434,0.641716709153565,57.247307909156646,42.304376188348755,61.56763209732369,8.728163874930035,0.21413932163687324,393.17950431221607,10790.925644666977,38.28428595239552,2
46.30869978227969,0.4592781445239418,38.7845621108708,36.82930422509375,57.298853986834445,5.045970274371143,0.5890056041856482,672.35752197138,13408.758577512664,81.54835294550203,3
73.10611731703008,0.7243766597946184,35.0858591313316,66.81253813863354,85.54773375256651,2.1544760065025326,0.10086190025917803,441.5272579113274,6554.202905611905,31.90350286011939,1
49.79245504168325,0.6436136322401721,,45.88528825862039,63.06037820585511,4.854636719681403,0.31768624809069046,499.9216372833742,8846.616149868036,70.96069907477398,2
76.2645535665722,0.7672128230924614,75.310405559369,52.63681516236571,69.11202138387097,0.8029546894590833,0.19956451766743494,531.4814644844281,4460.095563806363,6.676740750158594,1
112.08217972100125,0.9578048898959194,84.0717556904288,100.0,78.06691547285992,0.0,0.03212367283203172,187.56920731166613,4716.783777548771,15.227819405709491,0
31.194293117450243,0.31982922245552475,25.80252222991603,27.71647431546542,61.07118523206023,6.617230769643557,0.4493698175288005,1206.269305598241,15351.217862877107,83.42253016768515,3
88.60818908665695,0.997686384456417,74.03708092700681,94.57554719021884,68.9167164486945,1.2029440503101112,0.09692530019268253,224.01302507029624,3266.4971662451117,19.113913904170012,0
77.45002978325412,0.7117940066484637,67.04998009993619,55.9111104206923,58.16992103272956,4.346315355455692,0.12120812374773778,513.021977183748,5695.591694423856,25.499365025338726,1
70.02669020310394,0.7507760319138209,,73.25003819000746,76.50209247463559,2.2371566200864783,0.16162907483541447,412.63141994832,6088.666998153547,25.071339989144548,1
55.93619209517901,0.5812925435904144,43.63761937304578,49.07694606199226,73.67568866176329,6.980159256502992,0.2401822679371045,682.1483657878788,10853.291377313033,63.56972759266926,2
38.133201689813276,0.4290300166601807,30.72221226935544,32.81199214560028,41.986758575300826,9.035040198314855,0.6467972405441281,,13344.023741457135,84.19082662337311,3
63.196656391975566,0.597058126812343,46.59643027196697,54.06727469461114,43.45738165352861,6.269414936205609,0.3226232478138483,582.2236917427631,8865.564430502165,60.34008096228147,2
75.43709860382769,0.8468421033781992,27.332120667976497,71.5438353754506,61.688894091490155,3.573195756594952,0.15469155137931243,313.17390384016676,6557.12476864287,46.03933546701907,1
42.66357624795718,0.624627570749565,48.44881093628437,61.84253416031466,47.92026771096865,7.322205071469938,0.247136506915177,410.28490752217215,10889.611293248307,63.84202072005897,2
68.53210059147881,0.8050521833299854,60.10058714189387,73.18555191394873,90.41014054161558,3.0398300306992034,0.19361630415509967,464.55877121741935,6639.626362496332,11.796844017695769,1
34.86668901386564,0.6693570003739491,12.892445374448183,46.60869729072101,69.0014199184385,5.797350167540208,0.31455450194742185,286.1200191376266,11069.878008535714,53.493401726316165,2
33.279335080056164,0.48985623435119674,23.938015959790555,30.83524657855638,21.08096098746376,7.228630671898936,0.41054777508135826,1145.8554374685816,10095.516952847749,64.496425427158,3
37.558491661081476,0.548693408813352,34.09277045208431,65.82554969312532,51.90938114625635,7.324500371391477,0.20422996466988327,460.45414532183327,12206.903170545187,55.8056524734145,2
28.200704895861733,0.31045582065375193,25.467680547087785,38.318595856287,36.58423367781643,9.73438612383788,0.6168050723423459,1188.2818892685493,13439.575176816266,83.41694521990337,3
50.54922955505725,0.6846572042027871,48.65188005347303,32.92162073860456,58.98961700510644,8.0131914305554,0.3978250638217467,792.3203610540197,11112.027061719906,48.13663572890145,2
92.45664002186933,0.8726896426694014,72.29637426603907,70.50849476887113,82.97344617262499,2.6012983317775875,0.016973526389993443,234.27948731492083,3833.734434841198,20.831852728346263,0
63.51927485670838,0.776839084581439,70.46927993441918,98.05613685047595,66.4604512743085,3.165401277876985,0.15402172667786188,461.676109317298,7323.167100187913,44.4881309647162,1
62.80688789978612,0.7373465348742048,46.12922687754893,61.47363904808551,,2.5393496914682596,0.19865694907793266,414.6935298386688,6001.1552387226975,65.76860370180503,1
28.431177324353204,0.4186992831643703,22.83489340772471,32.47837659069217,37.61847064956142,9.168262969637624,0.48916423415352883,1184.1599038422341,16050.809850725109,98.7391438521145,3
45.01017547418036,0.5418612151668417,44.88170979345184,45.7728554030729,63.99498091969186,5.652107155327692,0.3300510142187323,476.6885982258109,8170.08881935167,54.30550225507889,2
63.67935870800856,0.9659260125139755,71.4925409233317,80.68000621829191,84.5345992109988,0.0,0.023626939954247656,127.47251133756478,4542.399157102866,19.641228456721624,0
62.70307093152623,0.7182057886822929,84.31237997688824,47.667520848014625,71.68986533125968,4.284882662829526,0.11744984863979552,506.26572907875266,6154.890646887599,48.51114089986715,1
42.76809780203713,0.3333574670367348,43.55824674405504,40.22259100415828,48.82113772075507,7.850020761745559,0.4521932198565411,742.7297277561568,16147.117774877459,63.08746148834719,3
76.10943422717521,0.7180722733657702,62.95923354323675,72.25879927241361,75.83754715335172,3.001062941520783,0.10973767291080043,498.26831427699415,5027.112086720009,40.87262413464177,1
91.6313556306709,0.7383499334997721,74.70214437840893,82.28531561944979,63.94843452067963,3.7333908594585434,0.15626554229027426,354.36969674773803,7270.349869066163,44.695690257529066,1
84.95956671403218,0.8449886155334975,50.799723047069136,68.17919489895391,77.84559449445337,2.8079596980251433,0.13197208493398543,,6409.56430965595,25.605367580140175,1
62.89154564697456,0.5764726662123256,45.96369990567514,29.27707313827561,43.57695831724939,6.87813711178034,0.36175988890023014,263.26998391609084,10613.08419737624,37.795789910648736,2
49.66149066551238,0.6447069146662177,62.26454249259304,59.70804852537203,56.00927785466189,5.329585493481162,0.3019017746448404,285.0965603371462,11019.938019097366,58.85197751240936,2
80.63389225568713,0.7364686795634002,100.0,61.51714265034883,77.8225378835478,2.741504764913151,0.1286279862111941,263.9945345582399,7159.4057496246405,22.257678809232047,1
49.3809981568666,0.5547332769842915,45.45536290575794,52.848252786236365,48.33466248561998,6.043731484364446,0.3138460424182896,284.2875741421478,12989.755185729637,61.553249991994015,2
49.602756444083255,0.5910931144012723,30.08292229248979,31.738141505832893,67.56822090943662,6.02796363193865,0.3660405768691524,410.6926465175498,8217.36973007139,72.54338360757339,2
124.28978132806364,0.8541761576893879,84.0841871837223,68.86584147347514,90.99881816773163,3.05727186499401,0.07683723907135215,224.95479080688747,2753.2913847256177,14.14807117305902,0
60.301409763665966,0.9160904671088762,84.81856787099507,89.29178119874999,89.97965070741893,0.7783651134291955,0.08860250060572943,214.29434836283963,3012.8841322307103,9.392349262874863,0
84.22001671140217,0.9784857983025004,69.9383583053193,80.61066027655997,57.17516421744273,0.0,0.09238745813200332,201.56979327663882,5264.095699884512,14.897197213247464,0
79.2269025466859,0.8082173735664357,50.984861805610734,88.52437313190896,71.28082915202438,5.613564127053809,0.11147419583381919,605.448844032858,6582.766178941564,24.3074550624492,1
75.36841440119086,0.7095402154566696,81.23344260199629,72.19045716259211,79.40432122384199,2.584420349581363,0.11912421290761215,260.80416190482686,8091.926967773528,33.84890306076761,1
26.80514314640971,0.4868065982261279,30.636736597255272,40.64902839287461,51.907461160252474,8.966649654505606,0.6906833191522873,1318.358282882975,14693.102845161775,87.01652905129255,3
92.84991216637432,0.9388740218764607,100.0,81.65911841224666,87.74045426538797,0.9875867804744054,0.04452481363196426,283.6681973076262,3484.822535898277,7.0878601298818005,0
48.295806695335216,0.5443558983867093,45.991344486282394,43.49684320137907,62.32448439670342,5.8990739051943235,0.2019938469469037,475.57386616769736,10263.660347843279,60.978271747079226,2
95.98886263805508,0.9262718552962039,92.64273275740595,80.49320983502267,74.66397118761314,0.4419136498633264,0.029061833489335248,171.29496623582008,4441.479100829534,20.16940527462104,0
49.031847187189705,0.6338630832727004,48.722504811940496,48.97866941759299,66.8793884796225,3.5556478696979754,0.3609933667763371,662.9566230538014,8677.654937948713,59.89132862965028,2
70.50014796053655,0.9001156978129845,100.0,91.50222393406943,69.42290112599176,2.4041659401003965,0.014764234201193644,161.69395846946645,2998.032560163921,16.549473896903173,0
97.50736891629097,0.9079693846491903,100.0,100.0,56.059034403023205,1.4600543414464442,0.034361524387155805,,4740.547103654798,5.224756148408586,0
47.82903542683796,0.3941401998982123,28.474687941047588,46.51061103563378,31.09745579951346,4.955170611466521,0.656319853997704,746.0697095623065,15928.419439967322,81.69225103976947,3
126.30763243626308,0.9049042398619773,92.25834375803412,86.05259701023334,96.65841126624994,1.7243545112656795,0.03775169095085789,203.05782299678557,4236.92465334958,17.521439266921362,0
27.32425292648036,0.40033983320128497,29.020157411835008,37.678705560196974,35.939993360915075,2.9065357764756294,0.5622481191914619,871.345622318178,14882.289438118192,91.00212965744278,3
40.941437559135984,0.6331530480530734,,72.12390637591008,59.69968287866719,7.352957337546082,0.31747397371511543,559.5971842909863,9944.213621620074,51.575673698736736,2
66.87437551149155,0.7401502655791445,73.8928412876661,67.6386286134762,74.64756389799884,3.9916541665217595,0.18589805471222204,303.4217367136041,5848.04329102274,30.332411880485594,1
67.23446542530961,0.7858425721813002,55.03981941163138,46.3039492649547,58.76381175023076,3.6918457403799856,0.1756789222902397,428.8864947019686,7557.499614356616,26.813949733399213,1
101.01997648105363,0.9332943737992272,100.0,88.75169014058469,86.17605865265875,0.6231623205034396,0.03784317058720116,126.47552243843747,3055.689613832491,11.12062588416758,0
79.33041779276567,0.7842815434362269,70.3585061619247,79.87260849400526,88.36572505176342,4.681272665471713,0.1294701369885528,347.5717257090121,8206.00866324362,39.566880107303994,1
85.75983536668898,0.9894882644718497,100.0,90.6225028316972,89.17373864366948,0.0195304650781023,0.08413700157210698,187.1349999691105,4767.815766763536,14.354829424351081,0
86.36041157745544,0.9394095896650893,94.94045853345784,82.39824650204406,72.1228404366305,0.8198191686271308,0.0301242293491304,268.5737391070461,3953.4555205603847,17.701439720178477,0
92.15862190969425,0.9215664726540889,67.87972194789711,78.02690849300973,58.21350044569596,1.5369756969437411,0.01778117564081371,212.8085302847139,4874.496045731246,11.141295927016088,0
84.24259796381068,0.8669260816775326,88.30553525297788,88.3653838187098,90.97920067858043,0.7480268128415104,0.03585319253893609,139.8030934601115,3536.5196691394863,23.374298364570322,0
49.79060526212722,0.6458480498195136,48.987046662973796,53.55025617934929,70.29972858424982,6.395498271076138,0.26070078182959044,355.1977672460374,8653.988399815553,41.929586050681834,2
68.25810716754717,0.7085648617667765,51.61818580219533,67.16675186896951,65.08470188006827,0.0,0.17996918620027913,270.52948193144505,5901.491848469453,50.88940328444083,1
48.08174192649742,0.5471131869189002,41.61209375245775,68.53410797899828,60.35442203547376,6.038163255559536,0.3931540887768574,,9332.756624601998,54.135848511112265,2
101.23563082496197,0.9856170490719258,85.55535683898326,81.00017972171091,67.63829281732606,0.0,0.09712199548411649,218.854511021339,2945.7217527284924,4.110161339026561,0
50.69877260549608,0.503880249123643,56.9897594074661,35.23536358378198,60.47802802201355,5.4988792627626175,0.32677789236648835,316.08567336149224,10476.345648822276,48.12234760082473,2
58.36265792799122,0.7930002000216112,,80.90574893619963,63.8804278284812,0.9987588614925134,0.1191105622691145,371.62724955467223,5697.567973595224,43.76173931693076,1
19.15209609732774,0.48863916993869017,20.619503818949624,31.830317261751173,9.288490121009723,9.555944726933287,0.6702280487352197,946.7212015723783,15134.38731396395,94.63906934075862,3
28.307713059848204,0.30755690131913593,23.795839233386353,24.486633927161304,47.933493236860585,8.837145771982309,0.5449198735579908,1107.8607830553606,14598.589102614738,84.39962458311436,3
82.10666977891334,0.906904839730628,90.56139151609693,92.66551354337771,88.16460486108406,0.8620887482885193,0.01436178092282401,215.99825955725817,2763.6340337635775,12.790755363795881,0
105.22768585027647,0.8980844836541386,99.49369964509351,83.45626465276071,69.6690616328797,0.0,0.07896736640070101,186.55419026510992,2393.4726238683,14.893776103618789,0
71.4574365069258,0.7849484320249798,57.649303383206046,74.62567684548343,76.19470848287571,2.560568076354683,0.1020121721853074,383.0147642322269,8246.638297574837,33.166992904738024,1
92.69599718392975,0.8053944364656873,72.45060256132274,70.49315658319847,78.96896551342911,3.7931620175383287,0.16421102350255212,388.3126871633787,5750.6618222559855,31.155431210229082,1
68.06256808371309,0.5397859559590077,37.77051976452463,51.44949240205459,69.49592847832464,1.5086591234550086,0.2872093948237158,705.4713813330006,10883.98905432737,61.654036602997046,2
58.39452327156475,0.7236057375024865,35.871844931664114,60.55832011724338,58.232558914156975,5.698876568529293,0.19115768872630526,485.8894796659873,7571.575159478685,19.810302191866853,1
22.75702413313878,0.40671088671071587,27.239033228400164,28.74982000244485,33.788619111876024,9.72480457751779,0.45745639661504445,1335.5897002462634,13951.16957609358,83.20748974643088,3
83.32123701295325,0.843938822141385,69.43087952813039,75.53709799550222,89.51412269547548,2.133578673202645,0.19843219788140415,399.1637888875939,5613.279403566571,31.46314240432994,1
90.85231744530101,0.7668594731354303,58.53329285767182,78.75423221183442,95.47435588640434,0.0,0.16636247207672997,350.8043095130517,7891.9246029749975,25.27235483239999,1
69.30010065429053,0.8317378701598519,48.96901265933854,79.24922567722166,70.73303774957729,0.2408976237199063,0.11197467885005319,87.94559770562034,5984.260587527209,42.469808401047096,1
78.68618180530498,0.7196521927975698,57.15954834656935,71.11516280936785,51.737797191462484,2.987122197210592,0.11829229259620848,302.00744252177554,4544.229634513173,28.31856951672233,1
91.69686660103703,0.7835063884829281,76.7687752502324,59.92552915479196,88.2545329402198,2.427180983406465,0.14841844983225969,550.5791121076086,7610.759262673202,50.40323979819886,1
54.26770259024964,0.5713446338617812,54.06157836748518,53.19789994556033,37.6773155897953,7.373750446405787,0.21339821887916954,567.9187248668042,11417.616328361106,64.18759960127497,2
57.964713263000284,0.6608748828275401,40.269866539127435,51.8379937299343,50.027322496417206,7.713992489832527,0.22449628337005945,622.682751599271,11541.07061156594,60.93158337699742,2
34.29685634737081,0.3649013298337895,27.69933976768468,36.39040931901871,,7.089079232307582,0.4486550117223632,1514.7722893398084,13841.630636837299,88.27811073574124,3
30.648891573334364,0.4867186287402503,35.79950293734915,42.62718026590384,,7.4071691126904895,0.5853439583767859,561.4018660519366,13037.178955690679,87.31607474168092,3
48.12999551984988,0.3628868211622811,41.04075131083928,39.505587227738495,57.72606668314208,5.556385813673071,0.6097938763465911,947.1662698120413,14085.394872136598,83.69074194873873,3
59.12747902645023,0.5756695163365294,41.683877715028146,46.0907694047526,57.905597868088314,6.498740565455304,0.3540875605584674,598.178488329185,10080.436345454476,45.21453063001201,2
100.78905303013298,0.8842150566853577,86.99356215113517,92.45447282056932,80.46198182834327,0.0,0.06445641280939694,167.94428698876777,6393.9792348476785,8.405157508487447,0
97.90637620365163,0.9898665967566026,79.01831599525741,83.5105270510028,86.10389365135809,1.056580189305454,0.020134830641429863,143.95939465555114,3421.8293756140797,7.529811033551247,0
34.87950840726624,0.3534419790972148,20.498717289446994,35.24429195996281,51.79259334610126,10.0,0.6144106949146773,880.0300029672051,12487.948578651614,83.95032292436376,3
52.297177751119875,0.5677108054874103,39.75750712064898,73.51771838972056,48.3754766180432,6.7476742900033395,0.28680977369563615,727.7364480369276,10169.982719137,49.63856428024803,2
63.68325614919454,0.8280093600305412,61.491849409086505,74.61134601983142,65.72453727587707,3.9630382523029795,0.1552338013455503,356.6126537020811,8100.67448421933,27.329325445996993,1
18.492447309687535,0.3641424329968588,30.979362568897596,35.81400840617311,43.334090123927126,7.887888868119606,0.662502609923191,885.2219851337866,12789.020471908543,82.18874515111914,3
33.83867019890347,0.32809980195910343,19.943551794201966,39.18008056168409,70.89889607686385,8.560411082100389,0.4850521570812818,884.8375776007651,14281.250684740951,84.8210502299165,3
61.947071706979074,0.5258072817778849,28.630662663545348,33.43619472858974,48.85219227449086,7.933088501041224,0.20624271206774952,498.55002728336245,10054.866683720342,65.16644445935967,2
29.84353962899266,0.38854718554129164,18.439553789691235,57.667964895154185,36.09363469248648,8.36689315243627,0.45813673900700647,1209.2760911017597,12292.219251122164,88.08009902217341,3
86.94341422510301,0.9028463326313767,,93.49142605932191,64.70577071231156,1.678742601718744,0.04566495362425306,202.56927053121606,3751.86842075701,24.711227973781497,0
24.457816944521596,0.6413285043497867,42.46211226084771,54.43238098085213,54.94233776407255,4.812476887197331,0.30889226642983375,676.5186541875112,9207.842623799212,62.95232575040603,2
62.20977746355534,0.5960269879276746,44.683823210256,48.754775755611355,26.941930555680756,3.4179208503001584,0.38018154605339816,649.2854774515979,11411.295124902199,74.419424019526,2
40.542056286924556,0.41776205403124467,29.1882110022593,28.25675548540552,58.34202035856274,9.196796015240837,0.49762548420478236,820.9315645804086,10787.274319462018,83.90976580036536,3
48.35220065479341,0.5324996830948883,,53.1364036740782,62.99241488067832,7.345251521743905,0.280903904891647,865.6058476100699,8009.1290754905995,54.08721990630294,2
42.555452227614715,0.7381220920191721,,85.70963970355933,41.967954125762944,3.6232127272593733,0.11818084656669497,424.3134655138489,5849.975187273778,41.123322140025124,1
55.33211755638593,0.8650929965833885,78.42387199745295,95.82353873162309,64.89902203322094,0.0,0.051409236390191924,248.02889518544922,3481.289623983477,12.000893030414693,0
68.14641249219301,0.7958894324772043,50.02495653465071,84.73359985422023,77.32143072068773,5.65125359364801,0.1256021173061513,318.259186558566,6671.243815841088,10.963313988994695,1
36.1141540310901,0.5450414200432403,63.7361191834294,48.5713341465802,34.73065055234986,7.426344730497224,0.27365909353114193,565.6897460611872,7744.267122611499,44.7971320775939,2
105.44678135668121,0.9726856265248659,59.66926179722523,88.12996304534829,100.0,0.9646099218261749,0.011148888386610763,192.40163088419806,4558.163666950168,10.531269904581428,0
91.3479517458015,0.7631344793138839,51.98540233812416,71.21240185579356,77.04368345347588,2.821370784755911,0.13972912929459058,409.37333031738535,7423.0790675778035,16.26558696045383,1
52.419544552701296,0.5250177819672807,44.69725965745046,39.37492424489699,53.61164220501199,7.2151312542427535,0.265388420050939,700.8584006417074,10170.377312267701,71.80989905305672,2
51.031393794606956,0.6120697348700647,18.770691643502456,41.6051840872721,70.86600575465351,8.714922731366599,0.30952322013074945,868.7506065785301,8067.970864119211,67.71401794903767,2
43.288014510642554,0.45780812084040945,22.27254892345523,21.26258664110173,27.63337033314935,7.1465872645384225,0.41836499744307165,1040.9792186766258,14136.584463037945,77.83426511575895,3
50.4708838432378,0.6323939678901268,53.4735145168686,72.08419091154704,47.867801767124746,3.319886219278381,0.3015794832006762,567.4627514360193,12085.914581147405,61.25901388394959,2
82.08900731450822,0.9250457734531772,81.91624112838004,81.21723455422591,66.02240723157053,1.1400144868756152,0.07716824313121691,282.6654818589265,4660.795547364081,16.199288729246483,0
95.62350150604588,0.7626172425844693,,71.98587271747073,96.19230669326586,3.747907227730845,0.18947619870124952,475.37356371784483,5616.958035035114,40.18793017451721,1
34.65471065149129,0.5375807177596833,32.29644583833196,61.43319823961569,47.02675381473583,3.9457651515624326,0.23576821370155987,567.8774533933217,11172.022716135572,56.78840961294298,2
89.61809548529071,0.979155009995836,90.26382145528576,73.22481384093359,82.7151597988257,1.1378957758749066,0.06855458709268931,,4131.346218562864,19.819627115277854,0
85.02351588112302,0.8988371698778517,84.89708463538082,82.08510578746647,73.36524879567544,1.1536740205641882,0.01214957721872285,101.72220542617474,3441.232897148656,6.830385204703564,0
40.13576208150581,0.5639178852519997,44.98118751991537,42.85503908696902,56.840137211225375,7.177270919592545,0.35066258637585146,,11442.084811242728,72.18480214871687,2
68.00328801902567,0.8166816558305315,38.25885825938068,70.06762996356224,82.9294713412973,0.9847945807056631,0.16928011986299088,363.6868353182922,7456.965212507977,38.412158424920335,1
78.15449393058168,0.6498630710284868,,73.21003996061805,62.241736500015804,4.184108572954767,0.3536178756837333,594.1090039572637,8804.111626982189,70.97220191606438,2
23.571985410194806,0.48719883580035556,25.767160023229117,48.89554354415442,29.279419381569603,10.0,0.48317752490475585,599.029449905524,16686.710553575987,100.0,3
68.53325282445262,0.7355605586761267,59.2611625113396,60.811056175524925,68.58372606795929,2.796710596531694,0.19855241332552181,477.2314584440706,7252.576047760052,35.9352349643861,1
80.98455415586038,0.7791184695582598,78.15042718798144,72.73589396450873,79.36873463975866,1.348450371174534,0.10786985767075095,286.65789817073767,6763.848035079211,26.046456263408,1
99.11704645428377,0.8953960510955221,77.04438489465515,75.46110911586688,85.43905401542925,0.23812437102824147,0.04828208466429853,219.2734887516763,4646.433139536716,10.815098227802064,0
50.38274402846754,0.6227691890015448,46.7053990721172,42.27682157277165,66.40308632642251,8.543048295307877,0.3249401338813216,477.5767516457934,7820.898846414156,63.01960900171765,2
79.14849755049296,0.9001323005890172,73.08817742737324,85.28463448419156,80.26075389187667,0.0,0.012774215682943324,257.97981446877486,3993.1101782916357,18.41662255758046,0
47.179180793158,0.6097865048998675,41.05242597828129,35.670509163829124,70.4865787092155,7.730313100240524,0.20014337174131597,484.04554355959453,8602.106436370492,67.24591778723122,2
35.415104699236736,0.3506987506514381,18.359848380306858,19.484756734865,48.900101268264294,5.370725208415989,0.6182737966404832,468.22643039156367,16183.495806212999,83.46002334802168,3
75.49580048692677,0.7300703571649538,48.76030177225377,65.25279552105151,,1.591568778046698,0.16918639081608444,496.41558841719785,6119.675317956312,17.708171104965796,1
35.47275019261557,0.46643249074582366,38.383858701159326,26.682967372648648,39.83682787653977,9.962767984550066,0.48872585038609884,1200.8248573560654,8544.892863476203,83.50544306835012,3
87.79056783399452,0.8582998580745019,69.44695500811406,95.22512793696016,64.8347710733535,0.0,0.010760634645621448,314.5955633409343,5506.8883506622515,9.189670898718585,0
88.51976957650918,0.9324433451659052,81.14271729468109,79.9616074611232,86.7278302349453,0.0,0.04601397455788592,153.64749540373333,4129.708796024294,9.01667203857802,0
88.78869999863068,0.9559087171957046,67.63173752349988,84.33027640277479,82.31609828398456,1.9646017573036936,0.029903284909962406,241.46618862914312,3245.8965746328518,16.456013775690163,0
87.74810294989874,0.9306240630509852,95.9782954941029,92.91654206093526,66.57480604623385,2.7670244943958617,0.07408647930231375,146.7877644033388,3346.6489992579523,17.48894154708889,0
81.41657389421584,0.7393762906399816,68.15989117172754,57.3253115119836,42.94894398659109,4.639684463822935,0.14753590676808687,538.9764133946355,5232.114327857973,24.965610965004963,1
67.92201294951079,0.8425316808798144,66.53567602623959,71.81239490866163,60.39521861230877,6.052513664002184,0.18315739259104527,435.8206633870375,6097.323663262804,42.41822294390126,1
36.0478911280801,0.35497913165141753,31.21756142979353,31.351161202001872,29.603660571752204,8.842169980439612,0.6717548169997917,637.2403866281181,14215.375690602628,86.13456040056552,3
78.70500390232755,0.9532439497640882,80.19602155806939,81.81383757772761,62.526654842252384,1.669622632380284,0.05079355952732737,233.25112347219869,4311.532648521031,17.181178524005276,0
40.616713751983525,0.5233608215467904,34.673399183895214,43.201722900387765,65.57098202839894,5.807306737011415,0.22089606335079162,743.8224459701509,11777.226995472922,40.52657525859186,2
51.23014471852291,0.6678816075218543,45.07557437012714,70.73778682803284,45.564351362340055,7.381261139513519,0.35444805517865535,436.9139491883002,13610.388979120393,54.71053237275301,2
87.16831522122428,0.9702028087405373,69.85233589893315,80.27147207021955,94.35171754980445,0.655678798230003,0.030486928223745317,269.60193757935457,4060.0459885217997,21.590985336170128,0
68.68880578349265,0.7407072092619377,,65.17634833531645,83.94610337216736,2.3519342786328385,0.11007528439595764,580.7590322192307,6313.110952192149,33.34919434996954,1
106.00084916526217,0.9004469091257433,79.88186801649844,69.16392065579802,100.0,1.8222321820393415,0.03314066535988251,96.1440073113063,3661.862751826279,25.729124625382443,0
102.957515932048,0.9749906923053772,95.87204839784067,91.24287956648843,62.897866825991535,0.0,0.05374517877124129,259.12971795349443,3455.1863218653175,12.865979025323712,0
108.8633886064058,0.992590955736981,100.0,71.14590608181871,80.35122780685792,1.4313450998777635,0.09147896455384809,302.8905588548881,2976.0671152746613,12.424145504539911,0
89.86768183980202,0.9613465368300587,68.20652150342588,84.97787330529438,98.81606037251983,0.02961601824874671,0.03524169017841872,286.3776021310341,3365.7594547254944,19.04632349120993,0
23.89353317381828,0.32358773497484666,20.551426093415287,42.384105895156,47.376259301305026,6.58824197187957,0.5825714779521922,975.3238900985641,14603.070741181244,80.62262677595675,3
60.66967697231758,0.868040644469291,86.67107930646627,94.66040798057362,96.28789594311732,1.4935160352028785,0.011998253168906528,193.10184506284205,4523.415448394146,13.854594845391452,0
68.97300374050104,0.7154720141317541,72.1390034696696,59.673162526929254,48.745953872865215,0.4974826678369113,0.17832900924388664,337.13297529691397,3849.2434308635843,20.184192284486322,1
68.28787728397059,0.9724050253453103,81.26582547435781,84.36373162552637,,1.9566228117354911,0.03593369221996628,130.18940928124837,4402.037793609665,10.509863868377707,0
53.608033103894996,0.6746782915818439,27.891538004732432,39.595900581282585,48.76270252443964,3.509931081497285,0.2633368712033852,422.7027005897671,11367.013991668387,53.017381512486075,2
87.55064337109708,0.9496111181799751,90.36165166105975,79.35885199388406,75.55480878307472,0.8474999298496879,0.02418949241172172,182.70095845487546,4437.48329907842,11.68281921390256,0
25.527450185065277,0.6125660474429205,35.04877191588916,39.65461369151713,62.358088022698816,6.770938951696486,0.2385163264917056,703.9826402488056,7208.327140865877,51.13959753021623,2
88.57444523317197,0.9695421256023469,73.2940054640779,76.4731498376716,82.29545912163503,2.820871810123474,0.08134330652026762,221.56499065318582,3172.490427112555,16.90712808767171,0
47.40203105091786,0.5665900493924747,31.506296488899395,56.59308119511327,64.58017661618929,6.351144123430976,0.35956047444172157,759.8064408389404,9755.394499790982,72.68583235647469,2
87.87770446556137,0.7513712828779456,77.20153074440397,77.08005713325366,100.0,3.1025256654796953,0.14224457900308793,570.0429296459092,6263.811381038025,34.25073443881552,1
96.75649699445675,0.9161911505125103,88.64036280970643,85.1109522031958,74.61071037404821,1.2022258745919647,0.027042478821267653,228.94643242856174,4450.06369653927,22.702206198883367,0
75.90058278685261,0.856049524157727,91.22068346909212,79.7107749761469,74.09745569540415,0.0960878348373232,0.05576850023479372,110.07930393210927,2441.2759106040576,14.112540581128584,0
44.04528281705762,0.6733882085661025,52.534801217569274,54.25133246713722,41.778707644722715,5.970044452740739,0.3392442872242545,557.9246919882573,8035.90169678013,58.918610096085835,2
66.09937074655195,0.8178712726366525,78.51141296915877,78.35363490363481,69.11097966099489,0.0,0.17850718615635128,291.01564149795246,6932.689693002666,47.88863425206302,1
79.86663114857146,0.9745049025442112,74.37402938710504,87.20897656081388,66.18770348650719,0.03543206757082484,0.05777731308596283,185.60469615660398,4206.384746847242,13.650240515874179,0
83.64305023908094,0.7927519460568186,65.36144797102864,45.58901368586892,51.36626152796316,3.7710722110297015,0.13881330810022494,555.0630593257667,5866.753925466408,28.921761073843758,1
50.99121372705404,0.6325812504689131,41.887514912466145,56.518839479369674,60.36702586590701,5.984037591296591,0.26664834811014554,478.5412746349074,10377.950795643792,52.12825930013004,2
20.433701817751874,0.47167467595221246,47.95847150512768,34.989857172100024,46.00938380711727,8.27234934949566,0.5615152560689299,1211.5519965729154,11159.099222078774,82.74737357508647,3
68.00521871348106,0.7525408556003991,50.39645175533873,68.29301885632258,92.72071918741605,3.6160118781297013,0.11498627988865517,243.18556865799493,6917.851905489213,31.06617702255343,1
36.102850625895286,0.3128087047729577,23.09965456471209,32.4846817330658,24.044327537777725,8.06876364451587,0.5241778174157766,964.970800665527,12348.299562737266,78.3056308636651,3
28.105435418093073,0.4130144566073387,,43.67862192124886,43.466976285016635,6.62976804071454,0.5324641866639491,619.2126684270688,17009.288616209447,83.88681151202199,3
103.70175864612987,0.8942396703705796,58.17313283588993,80.52782185271144,59.250809870815395,1.1065349670537805,0.07344200194582025,195.30627225133205,4286.307022553928,11.671532675532266,0
41.50210623345214,0.31829659158592943,16.379152805400942,35.65079106677411,44.76813595024605,7.020316115987188,0.44051144100416423,1214.5523170384176,13805.223388204948,85.16124787900472,3
46.67504551783436,0.7420953369814773,55.01053396379522,79.2949659727809,72.68671017052701,1.6925967027640498,0.1651679794878427,341.22340950288407,7616.168424768261,46.27350089355485,1
36.68269215403113,0.3904646955268592,23.591654446385764,32.95639654894787,52.16459777899117,3.214783703605474,0.40675129822860595,1438.6763812104186,13447.56762688298,95.72541799572758,3
61.217402484937146,0.8704375847637966,84.62262765524794,84.24490027433193,,1.2233023395522056,0.07067729049535007,249.17409477725954,4404.704806575191,20.43190355602919,0
45.596710372467484,0.3776242913536994,33.657936155656216,29.385996462953713,22.828108666396215,4.841268601273997,0.6038655509718052,1044.1894001167252,12672.203749242693,91.14944639031378,3
132.1218568919269,0.9878557415543007,,83.80775643734096,91.03698174788512,0.28652568189296135,0.04489878956767748,124.66935854283031,3148.3293705330925,10.389055472841862,0
33.88007315275377,0.3539947273710924,34.94079961997076,37.30158085609374,38.028526190415874,4.987822309879649,0.5410972143811619,1103.8351986393168,14964.481296775199,100.0,3
90.02322616505876,0.92944667905527,99.33621276179494,87.9026080540355,54.16068713547641,0.04825552670827993,0.07427378317529566,290.57484409358835,3864.674496730631,15.167623511942937,0
79.3336076698655,0.7960376372428414,63.78471673733354,81.91548556543557,66.25458741299809,2.4473251869509585,0.19503797514820934,520.1931669539543,6466.66856097078,35.578640474267566,1
42.247199463716726,0.43484392648947934,23.404212684240886,22.031933723389287,33.02170711746102,9.075170614087611,0.5371071856577876,1165.9005015710957,16983.389408844436,100.0,3
24.877316952603053,0.4072384558564408,11.733940509595847,20.91005937090685,42.59133655084339,7.03066548253312,0.4641210063945732,887.309901784798,11179.677307671493,89.4166256418606,3
34.02457395252163,0.531150324573106,47.89956693401174,48.25515493382975,67.0183650924928,5.0675784356121385,0.29959526051747865,586.7622805903069,13062.983209626907,78.33896546024376,2
60.47696381590705,0.8420755925265091,66.7689100819857,56.48232250304131,57.04201050406449,2.3654090984613307,0.17099330734342463,284.8002452420857,6432.034856572224,38.859700925688756,1
30.559202604898836,0.34459000171155074,28.88841241719446,32.597882256649356,26.98747375607902,5.503458980262394,0.4036209805901854,1250.9560468116947,19135.43621986902,89.37126779731052,3
26.465885050597866,0.4855801259724054,,42.62207751355352,32.12432130273904,6.256450518061474,0.5513263119145639,1006.7017717955824,17476.945437282502,86.51407390624777,3
76.55939813515587,0.9833679033591164,100.0,85.89100766703876,94.51393392373735,1.7027256732712894,0.0546145309070448,217.55262404773393,4916.745295615266,10.970041344702922,0
99.91087161216406,0.9105716507871249,77.51060582979673,73.05462492963748,70.00794616377267,0.44500061188578977,0.0768999622209091,184.95870219838505,2679.2491878739,15.934951048623322,0
50.387844234446234,0.6198727103476531,35.77373790175314,33.992628440554576,32.10342471316504,6.049942524741998,0.30094789507607034,499.0222145305368,8061.249123066023,64.4982721372651,2
73.69030329332587,0.8814839263457496,78.67907730433333,84.9324759484486,83.31181391494967,3.042257840510792,0.0908775035470993,221.121748645072,3591.250067001688,13.163980328941259,0
57.50781536211286,0.7834354591038659,59.4341801916192,77.11040463504693,68.24140615845963,4.100022349033557,0.13389699261728216,327.60918108457264,7743.884915587007,22.140002934835064,1
87.37790022121271,0.8631659371185161,90.5805990655177,88.0360427128372,74.0446696029236,2.714164357415557,0.04631937587323196,201.05463739252937,3180.462742239249,14.663612675432327,0
75.56974131620554,0.8029975635031056,66.80463728041317,66.55609377050801,87.25730575050028,2.624645751514388,0.14019519246152196,368.2209786087689,5891.600095972637,44.64769894302446,1
57.322882420962344,0.6154106683427089,38.8060227208681,47.58048475342217,67.11946596048497,3.3367637675771284,0.2658011459324466,380.25378808426666,9177.92654550393,50.01905372230965,2
55.17832232080741,0.4840393972148548,30.622257696904004,35.773951303512376,34.06579389822077,7.1404481476939585,0.6628877045571813,1176.6733352726274,14384.310838945456,90.37478704606428,3
58.31289685366132,0.5057993488671896,43.77165883862484,69.54711197261288,51.510224647508956,5.235316118048694,0.21289813609116925,886.8008203579046,11846.313845549199,73.49179048888705,2
44.97372226225624,0.42981612040377687,13.277143293848688,40.23066578449903,37.65234648561183,8.782675161689244,0.40130787398697415,749.4527185412478,13305.98436012001,78.28279210741923,3
50.67397605858057,0.3068351178082175,37.9521099321218,30.374238667032643,,9.878317826288363,0.6094350772250571,810.7463347627431,13444.14276652876,92.69031655442275,3
82.1153643129451,0.711264046870797,,68.07443737819547,77.90964540099345,3.0785443458048936,0.17554372725155812,407.7013995983759,8137.052959600753,48.53453647621203,1
50.38712854375014,0.6464581134851392,51.65299985769355,53.255458153220715,81.92705530603659,0.5480622998010487,0.36583635598998354,907.3062386548277,7601.708531960469,54.432212271566335,2
49.961887545130914,0.6187221088892828,31.862619588094553,49.43985328166329,58.036101840133504,4.776796841594272,0.333520342716647,523.9176678591682,12179.456219093216,72.2393634423789,2
59.498685193565706,0.8295365504708718,62.63101477390915,75.22705500030207,75.29250464728929,3.6841824881285836,0.1930807672344762,446.07972436159673,4968.37823157895,42.97975254581905,1
41.1907291876223,0.6289812647729833,34.84306994679953,53.28432990581549,67.68614955537319,5.101992759256934,0.30390037095299627,701.0454548562934,9748.056073029198,59.72615679596256,2
101.32294984849784,0.9357009292679616,70.93096361319897,91.65948837834065,78.41595376574874,0.21178089528368282,0.05988903382752899,260.29092103580217,3376.0156822706126,8.13960406365193,0
41.6817723971997,0.30227793361771055,42.706502605997166,27.526766343603665,54.80886290653332,4.976425708062129,0.46111521798329996,1160.4912017091308,13387.385902097447,63.954172012346675,3
77.56930268405496,0.8087365407754126,88.52732997209642,58.21272095826216,50.785888000009784,1.4594766176575824,0.15782297861695138,671.0794299040533,6423.514027257038,26.225159778443683,1
94.16783289114417,0.8908836623223101,80.1245410472244,84.56074867044879,93.04944260832998,1.1752451940325608,0.0443762217140742,103.41880114115625,3322.6854416251035,15.816801774579002,0
31.44367040214477,0.39085414487208503,28.141020433802083,37.54117095208508,44.74042311512206,9.392130834154099,0.4635150335385897,869.2630811129093,12123.692197196026,80.2216014929621,3
48.92575000307092,0.6638214652355375,50.02668164250178,44.377943037797365,55.69236666598941,7.448334481754327,0.3901187931862249,334.018888831643,9361.587490402733,65.16144039586379,2
80.93317379590698,0.7756571056448149,47.909760625407436,67.13281814251455,62.47795864962289,3.0080555682540044,0.11318103734974592,430.97267791360025,6901.978321363048,40.896392313574,1
78.7832864116929,0.8083917587251674,73.77834454654324,62.75224136071331,53.47774364534564,0.0,0.17549402001583292,363.7397166320305,5700.313229732663,30.96934131963278,1
25.491376545692205,0.38659460996794126,32.57253201522049,28.74796429380845,41.240418077720214,10.0,0.6616318191239743,854.9024087687294,13542.51923653975,83.31580287971119,3
57.740171237336334,0.5270837699635657,39.595365238363556,42.4151840087519,49.65337715785688,4.865272388785788,0.34348071108104206,695.5005230543748,10036.231271493934,66.86857911012257,2
29.879650125615832,0.6205615064533518,67.50402067088064,45.736731851317394,52.19202915344125,7.727142718271624,0.3923524956690938,866.3236273860073,7696.82058472086,61.396516742158965,2
21.07862911557047,0.45532136795927813,32.38215987879938,50.84060186755215,46.42365592050178,7.572646462260277,0.5852062752964201,393.7547246242158,11358.976088029747,80.93025633626628,3
113.22637643497107,0.9032697646038574,69.08361636021046,68.39888740086239,100.0,3.059917908414474,0.054743843429458455,199.39782235200343,3169.612177658962,14.713012681066031,0
55.66445382521291,0.8363471337872296,83.25671341003726,85.14360539195637,79.70003119874997,3.6058733719735794,0.1820461290158315,388.45906618002147,6311.768121832223,37.775525134935314,1
28.508892547593877,0.3063769590417184,29.167732774134713,32.178520808035344,33.792662533974436,6.610437050529669,0.63938295677599,964.7035205193508,13956.352564458924,65.82651113989701,3
82.51452027987867,0.8092706418337887,77.8994491028142,75.24079066677803,76.01810745224493,3.3671254900271608,0.1959916689642091,358.31147199474856,7160.728568695834,53.197717873125974,1
54.77583779511713,0.48656924427205983,30.383159156302856,28.499393741513536,50.19343267248685,9.305683068642315,0.5749055942332408,955.8581485557679,12603.324724093794,93.73989751006883,3
21.093437662390247,0.47989061691076706,33.429076741703255,33.710117962565846,47.07542350934169,7.4834226733697635,0.62104504954891,1260.602581401753,11813.09480766176,84.32769692803869,3
63.64981619040839,0.5037761757152469,,40.52570954939324,41.952871788707775,8.499515143095913,0.33909769183553007,761.2832311772873,11506.741898473982,68.63437280189879,2
42.82744459310749,0.5084668985036607,35.89543764701406,36.74501032004314,63.44657113389109,8.057220622606756,0.2654442366322908,488.42109163156266,9054.087366911612,54.85061293566727,2
6.7496971133369765,0.4374779825371429,36.96186741773956,38.9453586739107,39.58119945034931,7.812675350221444,0.48404023563261395,864.9239836665186,12641.911681104282,87.23926873946607,3
41.667067297653404,0.5580567354629521,58.849466424978495,45.77928114910304,,5.698126766312014,0.3885825422783513,484.0213547270057,9434.624700380191,62.44957093172004,2
71.42202172164728,0.7606164771614435,65.82734562607229,51.672172150986626,96.74906215593755,6.408804662849535,0.15650737914801055,424.18020715557486,6922.474525035337,34.63419960123154,1
42.172645993607375,0.550482762595312,49.372448428739474,42.562839147055016,61.169749916872554,3.411013290283977,0.26997233884449573,477.249377499562,8599.040432565864,74.19455680797839,2
43.32036650248485,0.42970683180666847,25.064875106833853,40.4427406238906,,9.789974872189614,0.5286175425254445,772.0980946742341,15403.71401439957,95.59565572623397,3
68.42452896612787,0.5772987445727827,41.10062867549769,55.62239059758266,40.31719377429987,9.963048534165338,0.30830125642449757,533.3283700213459,10789.543453871314,66.09135519053514,2
74.9004990111857,0.7168574462393064,72.53466108333272,65.89424124251848,77.97498393907892,3.6848997730477526,0.11626522181899007,443.9150133700418,7298.669021588264,47.82794968838981,1
48.896240898457236,0.6062661585346352,29.973518865602152,55.67513461289613,62.142733262010424,8.814599413069176,0.2383546916587342,661.1715021926631,9797.65381133954,58.159131329840804,2
96.96549030562856,0.8517807020004039,93.28147959706698,67.84880045305304,,0.0,0.0888938306951517,188.6528766931038,4228.838274275463,26.443953304401447,0
69.8404068878425,0.7732502369506502,59.17968475543293,76.16362040638182,,1.7024855354837363,0.14071737385988753,348.26534270607215,6748.510579030479,19.43048913293522,1
42.33283494529062,0.6507875368882847,40.62164173276924,40.11262681580182,56.91012539107097,4.608561751065829,0.2528808595859291,864.7370708326157,14338.5867344955,60.91168146666439,2
99.82404799404492,0.9148594540277635,81.6796656255199,89.00823163735285,84.89596552699716,1.5945261269679611,0.0361578672375878,154.01865307812216,3093.5306143065545,9.74972605088407,0
55.06674406753218,0.77138594912098,55.293707589375884,84.1787576425851,61.90902847699041,0.14926544097339,0.1626244822763033,367.6957631226993,6102.167556047555,30.78643192229558,1
24.657186860591935,0.4367399091449241,40.786545205971905,45.92418384324951,39.43387912735543,8.053143926808612,0.5080426342416814,1268.0776121894382,17781.333085863916,81.46735864561842,3
36.752537003236164,0.3224482143983177,31.06791780385373,22.90394950350739,40.22512974397728,3.444874786301831,0.4130191535735683,682.2364874881293,12981.515994686086,79.83883358128566,3
52.29527315576515,0.4113688826269125,35.78443079756758,33.52069824899048,46.50088908081644,6.258757953748231,0.5826997333155786,976.9431429858835,12421.049981422233,80.01012744020888,3
83.93094367359627,0.9435658285976279,,71.35351326130619,82.86158168388553,2.7848823990323517,0.04559401685652133,249.26998557250246,2652.2463957827867,15.882420918314764,0
41.655370481571424,0.3836766675426543,26.15108699954835,51.21391742787481,31.070580318703378,5.499948934431902,0.5037848553589609,1111.515771607013,13198.076715599273,63.79912784879826,3
67.21255566996055,0.7173512835472174,83.39440121788257,85.79064720455341,98.93265946032635,3.069792698900563,0.15868204450735637,434.2106039650418,8443.688169441448,19.744282919389164,1
85.04857896783592,0.7603234572765951,62.36434053395902,68.31660359971158,62.12262203952609,4.87543036941185,0.17428215015848658,306.62462638599027,6980.657610184853,17.789224790395306,1
60.13752518422533,0.7765319374717183,71.92047870952182,62.92731286179469,47.65702969929554,2.028230927390859,0.13754986220207202,184.70864842424842,6535.938012329509,29.380698861420736,1
33.08126136276435,0.3410736369379971,42.130505087378445,42.122084251737604,50.57489279302178,8.741817581270574,0.43131143742484873,930.013431476082,14717.184024621307,86.69747767970662,3
86.77199047911438,0.9084486133432172,78.87211736065478,99.33834489160157,91.418688532766,0.0,0.08849840760990055,193.5561310655623,3519.599498869449,17.42679953776595,0
62.23821145391601,0.8404528836737478,55.1901455653356,69.47193346069808,64.89231932933235,2.9785208359263406,0.15010473777944183,358.24919264849683,5708.629104063226,31.08430022643961,1
47.94422945155969,0.41796687888795114,21.640005886953873,27.753684971185702,35.05694398713645,6.66674276864271,0.4674660340676595,1816.573644371948,15728.407541175662,96.0173786178621,3
108.96508620393745,0.8571276635810665,72.80919349792497,92.11957466717266,68.371387381549,0.7667160168427307,0.0728266904630784,273.7866339496172,2915.073642636315,13.191859453137273,0
51.85953303743677,0.6016623388553389,49.3548135740677,62.97249200186054,33.81485562969152,5.186449567412222,0.2596085045582712,765.5580020583894,9389.920249119546,59.366101479651896,2
110.73988760944836,0.8846412496898116,62.673967265407775,87.19641586617014,100.0,1.5710314643971475,0.029350429144302574,231.42997465151896,4714.143394053657,18.209470614293192,0
32.91829312950693,0.37048654630776834,20.41909232374925,36.87395233631417,35.783914146888804,9.251940949977435,0.46792888152629497,935.6387006446109,6717.2771228299125,77.9871042920845,3
36.26509580752249,0.44281740453700347,42.01795274209454,29.87082692437707,44.1818896442891,6.878411061520049,0.43769834367387483,841.5816660922787,14881.206744119067,79.03006411579068,3
87.371607250318,0.8029549909868019,49.96958440271187,80.64858836969361,85.21382285672885,3.9777972790396428,0.13067942831101015,323.8239629317354,6112.542207649396,50.758758095019694,1
94.64670722524689,0.9887896962485446,74.54485831751931,90.77193317187728,65.25178476136178,1.5494295074357636,0.04049210529344017,166.99859255446285,3776.9119749685105,8.821484889752956,0
70.15385211771365,0.7598663949336139,46.68007980914497,85.89022284574669,93.634068387336,1.7048141442174098,0.19378869760948836,554.2736367279776,6576.298949803953,30.958428405206973,1
132.11461338955866,0.9888627539582958,92.98255195637894,74.44613778658267,100.0,0.6534154183811809,0.07082304721684597,185.91763088725347,5137.417371210296,16.466760181614916,0
75.22995658540248,0.7169658634752579,56.56092965097954,78.44955817659131,81.95448693264888,5.449844274779911,0.14603861756750408,259.27065565075975,5262.624997823012,48.14226575703579,1
48.37431253328261,0.3951408156378112,30.96284241178884,47.312139002043324,42.078803767776904,6.045524622570478,0.6686238133582656,1521.5191582148232,13523.12282505704,89.44145171087257,3
73.4413332582791,0.8673099787421242,95.94619515648363,82.0375080123576,,0.0,0.055339609935217075,,4160.5323071749535,15.53091459720108,0
51.42832672014788,0.566414778164764,33.39799116590641,51.93764578644821,52.70131409838106,7.5053991421512745,0.3612033009206138,605.628489238979,7905.907209653705,56.80173722111244,2
79.0051058368721,0.9398648987654129,99.43897574005791,76.77664528647276,54.75799889929399,2.494822899892327,0.060917640780212425,228.853609191757,3872.722107556131,15.775776714326781,0
30.7506344088814,0.4434095877414209,20.52964467160374,42.81098938383587,49.30874511937244,8.58610218184311,0.603945437565991,838.6075365756662,13862.973340633405,82.79068275060388,3
79.07444532053611,0.8267425565908906,51.6999432503504,96.32323138732085,44.78657375880264,2.250240603897504,0.1869905933890321,559.2964096027381,7932.5457471625205,26.084565101454952,1
98.13751729424972,0.8311757942557115,61.60478447268346,54.83343005111067,84.52037613805877,1.7827776945232428,0.12697960578923642,281.71844976957107,3508.343004748757,40.44582400793628,1
60.48269810631423,0.7249300805213118,85.93242150235565,60.485636739132175,81.45157272084215,4.761282247588982,0.12340281753068746,552.6812663577265,8367.13756637868,63.65212023085962,1
83.4543414279276,0.9624438628223535,84.96027432439959,84.11087409096538,71.73531012170872,0.9363735961803971,0.08471595186996286,131.89025543086734,4171.72903457565,17.37629302358656,0
65.81097283994875,0.8305600694658755,39.29169024190786,77.55565123630707,66.8862348228544,4.981974304205107,0.13251329284002644,533.0432344378817,6266.894201353414,21.598751043452143,1
37.43479573116209,0.39532483210172575,20.613476633876573,45.04084333266467,46.867092043485655,8.892025021457075,0.6187101228488482,1089.931670680641,13548.356285222519,90.42203006909048,3
83.42568173796006,0.8765564941792596,88.63493653760177,92.67590076949959,83.5908375430213,1.7424442386469563,0.04103082357890829,184.09207491910357,4332.125932924508,10.468923339763945,0
73.35502794284264,0.7348200869200234,81.72727683067076,80.91740014121396,68.65504117690548,4.035383893684205,0.14771297673956835,150.4292616217535,7851.065690535581,32.15374495746321,1
72.55868216430453,0.7222200883024574,83.48154063017687,83.39361146485746,70.35203983438925,5.481720410879466,0.18940546052038867,258.44759330862934,7687.813024261389,32.296286008642085,1
51.6480180981471,0.5064127034189083,65.83113785345422,65.04942189115205,64.38255811124947,8.98356432684812,0.24540025986768413,527.5975104528976,9120.774709469157,55.396932374256366,2
57.896630334471816,0.6178237471960473,33.70087147045433,58.05580474530727,57.20167742453881,6.089604912775879,0.26755119742644584,451.8201134790342,11034.14404200463,60.85513329639599,2
72.403628789107,0.7141364599606788,,60.41752582529487,73.32351291412358,3.6887702510022953,0.1718531318122246,370.5422359500004,7638.486692742719,34.75713504329974,1
124.28880964795411,0.8559177929384036,93.88788952290285,100.0,74.19023442935348,1.0552560982866763,0.052237269672400645,191.3812521273169,4721.586559044603,21.38928327515257,0
80.53722550684108,0.9833039822177198,94.17867590524826,76.98608729737411,68.63356386608595,0.0,0.03086112498549217,177.9320604242574,5515.595918919882,19.889237823271657,0
60.16240288503751,0.7747226080376722,79.41596654190027,36.200670399792784,70.62626460051773,1.2840164980149424,0.1242418813887211,358.50837218796727,8200.491004714626,49.11356861745625,1
24.48207028594014,0.42800975938601127,20.34968136629052,44.586208293157085,39.821334185989144,7.8778053408646365,0.4408700954637177,1020.8474838158901,11053.257220491645,94.45929585270379,3
60.9432067185017,0.7781901630736099,58.98956765301922,59.25394575629674,56.3743286054397,2.2852798043228533,0.12051828333951609,,6867.291892729798,35.79047802150279,1
93.4742031757963,0.9433773802619074,87.85541488406358,89.34937054178077,56.95173359737613,1.2705977161156536,0.07525864170078858,169.09442841632128,3965.6302088506554,13.187504985589657,0
79.63178741855918,0.9268886387900944,90.71309102746575,80.94460085932921,,0.8755692158561899,0.06225577844341185,165.13178860419146,4934.033794710713,12.355418104476724,0
61.10077351629608,0.8900055145955821,82.66159568573676,91.60420935941312,78.23167838292454,1.031427009353846,0.05512568307357919,191.27061378861208,4683.194050992193,20.8128683409392,0
62.68180476660089,0.7465220831636202,37.068126579293775,59.072289758944066,75.35455146092902,2.9244000741014666,0.10886329747495808,396.16761643026274,7125.55945499682,46.067745186243286,1
65.92747061431987,0.9888293982470342,69.94971075905427,83.27503965602544,,1.239770173582643,0.022932244653556054,159.59883726767845,3856.0516555896584,15.052728558705128,0
50.4226910804074,0.6748207592132421,40.20462860657959,48.682418118082204,52.569724030371006,6.349062816688969,0.39958302688245756,731.8521231835512,8638.765939246137,58.17839416142076,2
34.35653973620083,0.3955754154245461,43.73033803044609,40.825381996377736,,8.460120808766801,0.47597360891207524,596.1577832259384,12848.353190332411,77.65838133878987,3
68.92573064634736,0.8068095132113756,55.440429296628224,71.93073045038875,56.80053471966385,3.7675964464048617,0.1786367385961698,349.55773167028303,4876.511007520351,44.262574910843924,1
73.72496399340373,0.8357617191691722,55.62952081897507,63.89228165931156,28.073694010871208,3.058053442136345,0.1487598438049561,478.80490843170696,8191.516927295485,42.226748248882984,1
44.60559777516583,0.3200734990190108,30.52667694352053,37.466914501055086,51.61207671758028,7.126867897140668,0.5098759017995422,1480.0293540461435,17086.37912935331,92.57032065053977,3
69.83638119803861,0.7267597377892872,66.862034890363,86.33928683580102,70.85005441107508,4.0231172936103405,0.17080237839979118,465.4373959393618,7114.821589832285,30.899705884610892,1
41.38277340411182,0.4292803473331599,24.095093255803597,35.51630450407778,40.36619926358223,10.0,0.5943127224370689,50.0,16429.000627573074,79.59623661012945,3
102.15500189012599,0.9415267864354963,65.31076783719624,89.02644511464122,74.30777726132754,0.31676695722231196,0.035979967240791444,237.09043707388844,3572.619257273828,16.199363761423626,0
25.808836697906553,0.420205175497738,38.80851573019908,29.595550725225685,35.25968464086914,9.829846960235663,0.6515971463477371,870.2087450999416,18186.635380437307,82.53428945740426,3
45.11670431375561,0.8040611948047492,60.72937363731236,77.02645910006194,76.45851076092862,1.8721837116187388,0.16770819719511082,553.653415631817,6642.313346653373,34.89647710092263,1
34.45350927140585,0.50404724652799,52.39319338640107,83.981273176629,60.46079384241709,6.048480485250954,0.3822908006909679,538.5989137172063,8558.565511378847,41.19711589431215,2
85.13323798458491,0.8208892230123037,65.61369282567946,74.84772118066559,59.58149581954345,0.37274594426947383,0.10500188209021864,344.93148734841606,4209.105541530051,33.04565153477236,1
80.26862473365975,0.707417115501902,71.97666152090082,77.04517511560356,53.02099798608501,1.806862812367791,0.10090056642644753,,6189.5815034548605,23.76121594874406,1
58.361397825725945,0.8194450278951495,74.81497378571895,51.75444901034936,36.87441716480647,5.763000224301646,0.1273502865829707,,6642.819943392378,24.762440522921494,1
51.7255885227017,0.4240557634201686,41.8908868636693,37.45776835436552,43.06131189004996,10.0,0.603670906257912,943.8318035479359,16079.200636487112,99.53840237121885,3
42.13613227602923,0.4906222170563861,34.68277822792936,36.027608537970345,34.08695361121055,4.321659221656786,0.42709556808972193,764.9244827548653,12281.083635020605,100.0,3
60.97421504854496,0.6810746376524854,50.64334432086932,48.8986842421731,50.067020587858195,7.476387918516543,0.2318566074698917,298.46750181509054,8180.36651838964,78.07630805670686,2
66.13856350888388,0.7069869913129812,59.37334459125702,79.45517502995264,76.92045281620139,4.119574621475347,0.15902990717555998,388.51675749137786,7546.258588758062,38.881857956547336,1
50.85564634210845,0.5819676956219187,41.83861082897653,52.60171890336454,71.81324878556897,10.0,0.26434740597165557,543.5366168117707,10418.430014809212,65.83883022284002,2
35.78279092936175,0.40954798189382735,35.29190582731695,28.695827049794755,42.1114021307696,5.220270518196941,0.4625151037026476,964.4975128378535,15398.222012372664,87.5699744558583,3
94.8632556047682,0.9622478201683736,83.35091345962574,95.89339309316692,72.9266321763237,1.4124844627915127,0.04134471538268724,212.4804729104856,1954.6102043143333,14.078554990836441,0
78.53738290018876,0.844343731250888,65.26173755230951,81.91452961826425,76.76496055648921,0.8133129179777256,0.15246884120934776,412.5961414878639,8169.721386970215,38.70340267328846,1
36.39260572533284,0.3887889920653438,37.74127921941435,41.60146979642695,44.947501125352005,4.7720177458077995,0.6682908679955943,1202.9071143024726,13907.69831468226,87.33865101009248,3
110.1558936692965,0.9169171460687782,61.537317577450835,73.43588356227121,100.0,3.1192403872289507,0.022526902248218836,,3482.4378381777624,16.475704896687084,0
80.53744632181647,0.8520972569457047,85.92042888294705,88.24636790429403,65.5809101399186,1.4399514034031105,0.03567501972467918,230.67300828359186,3920.696477371215,19.15249066992976,0
76.91340059337314,0.9698031056395544,87.01095185250476,93.14466732748507,68.86987778348168,1.2144289304124471,0.0828525888653891,191.40067522959112,3957.0429732991674,17.553003452051566,0
69.0770936946508,0.8748623523082683,100.0,97.48468039422758,100.0,1.4792500958967252,0.020456269751070184,112.22472056476862,4436.339306158552,10.57143100100155,0
106.31699184318732,0.9540636880523613,88.0368528396894,68.78489908411167,63.92297295576793,0.0,0.06706006906743893,191.11875206783395,4670.001148337267,13.094311516632906,0
41.645210230457145,0.6552303728211245,28.93881534497161,49.23872776931091,49.402823051664726,5.1501463288860805,0.355432239241119,622.8788824346425,7669.445764963601,82.14329942556597,2
118.46400502643976,0.9336647138647093,70.64099601464625,75.28993176589361,,0.0,0.07754715826270742,225.08198411304292,4914.576706316031,10.144689854461333,0
56.80193328426555,0.6590574089594445,59.05938337378194,67.86755448830323,51.84511362550041,1.6118192004775045,0.31946986019557067,884.2722918163454,9521.440443677107,46.27590262438693,2
42.728063976300504,0.6918087993742815,53.193089298030685,58.52174181321905,55.05892670276264,8.068720196029119,0.21700872426121423,744.2250141455952,8585.579795357813,72.88433622503389,2
33.73056251405314,0.3346746313515016,22.975295948226034,21.11585911712219,52.23724042504721,6.595500915273713,0.42908541778801446,1303.113793984979,13246.804531939237,76.18039235732826,3
83.8282654144763,0.7176968499155538,73.50087490069754,76.23215595516561,82.62410805637587,4.410700511582144,0.1700306353883807,418.6632656512739,6185.294675398131,21.379566291452427,1
93.47793815495483,0.7038448374826634,45.65132801628523,71.66849772536064,65.24938833588595,1.6841700211696602,0.12554282810460907,452.6981391363753,6722.38986677283,44.42938619897234,1
51.52188440838948,0.6737256341020722,57.6849713631085,43.005391264507224,50.28699257923505,6.533955179743318,0.37781847964979204,762.7766772258476,6512.859503478022,60.18252460856113,2
65.02816537489736,0.9563092869857349,87.84676999846393,82.09134829809325,86.57685389659113,1.1293676710108125,0.0405576027217624,200.8187120965647,3148.628306588738,3.7210433445262616,0
24.95626789616638,0.48204434028206244,,31.215858661832367,21.569331851397145,6.1444634018085935,0.6796485157640897,1030.4687270510824,12794.384485163333,82.90624386688087,3
36.92494868203724,0.3110967884135821,38.00193573902373,30.42705286744587,52.727575366353825,4.841919777764142,0.44586613469439945,884.7455002879074,12589.51078103867,100.0,3
20.634735648483275,0.39476168699202774,45.47135851764837,44.17092860237465,37.13617329826613,5.733663008255879,0.6670345408929428,1172.889895912153,14045.375921998171,75.21976976477431,3
46.307074197084106,0.3649648219497109,31.71298802750728,31.274377322727403,57.06219308025395,4.471022060686192,0.6618846191227006,898.140953000204,15893.011067148343,91.46904523256566,3
68.38822800252547,0.5622083410113967,54.92402198905462,38.633591165327616,39.70466450367792,5.199483718105655,0.38582327053826515,624.4791036982751,10878.279138483595,53.839287846636765,2
73.34124910837664,0.7472583953977981,44.683974299150066,100.0,81.90919800206882,2.5555391666659197,0.11658779246625356,424.6906063416612,5361.0280662234845,24.11306589523658,1
101.05330996479404,0.9610224090546386,74.97723861650822,92.063706972506,78.99506677541719,0.7003825510892407,0.061240168159848465,284.2611755739869,4538.942343592598,23.3199313990405,0
62.650567067355624,0.7056674452096893,79.60119858463734,85.28446417373428,85.81190512464428,3.519078465130549,0.14802669256656276,365.7695156550851,7241.620810608487,37.074887978521815,1
77.21259339652512,0.9386864358625922,86.31956805306717,81.71559262671185,78.36930337369783,1.1484978066279115,0.08892270386837624,223.54381283692163,3154.146327638786,21.900694694342576,0
50.84191060932064,0.5795757174954737,42.81484773707685,51.566588323151,,3.7122254303489517,0.3132933211959269,584.428127339555,8293.127972036735,75.92024898576084,2
117.45328772136305,0.9886474532511144,91.92892990891426,76.22549418830519,96.9905017911753,0.0,0.025015441097875124,114.69684597009494,4938.509255058818,17.833010741963626,0
74.23027377665225,0.9632468099723744,83.0413804503297,64.0042835741969,59.32036255616877,1.2399352777249257,0.09204371979042468,177.43905865280618,3831.6712861245396,16.464144217933416,0
56.17388825432461,0.6992290484248384,41.21965969267784,39.302209568908495,36.515067232595825,8.944275656330237,0.27840590696071826,719.3231542432333,10186.747553233516,68.84842582801159,2
35.35909613635027,0.3941089369902445,38.13783556549844,26.538371944781957,45.46569162862256,9.541667922247129,0.6967999860484826,1185.724950816403,13278.390242600322,78.43902763994359,3
35.55645945553318,0.35845803454185066,44.830774101002056,45.01000477219749,53.76334158677194,10.0,0.6629815835111794,467.8842626232271,14026.110011455587,92.79828640755049,3
75.55382209908028,0.7556597102205297,71.90390349894118,76.173712846381,53.24485656654512,0.0,0.18512822122165312,326.53289063231404,7478.461490529123,46.83549102581605,1
75.23512107382773,0.8032261655083395,57.779873025481706,65.62851884929107,100.0,4.352527683212518,0.18542676926575308,361.8729293968333,6511.8232660763115,32.241600401035434,1
54.94843116802191,0.688609762127524,48.47221964132275,39.75050468868318,40.98977055907785,7.6217274655210465,0.2649501217934404,674.4951922469843,10949.68113836829,64.00169605200497,2
55.841364703982826,0.688726734129699,53.208024403820986,53.60191278101606,,10.0,0.3953942109252522,774.2517346984845,9635.529443128455,60.81291425042481,2
108.92866025582846,0.9506955269640275,71.73661874929233,94.48948222807097,94.91361298471932,2.6177170757757846,0.02381111488973459,225.81983338932895,3098.3187988240984,13.085912595066251,0
40.51159646722877,0.34542981776738924,29.272803551445655,47.0755924032212,24.350236284999028,8.749559504385608,0.6746418962720545,1071.4764500117042,12630.18294468268,92.19599497624891,3
79.14272159536132,0.9491695880238575,77.58455692102241,69.39580469523086,70.65591378443544,2.852697094852882,0.04971590225199491,192.47659292525088,3287.9799449509133,16.039302505335403,0
55.07525383113854,0.5534121880478721,46.51797701625865,63.92095244121183,51.621655481628146,4.228142589070123,0.3255465471124531,637.4334645461336,9890.012557181404,46.33885919066315,2
31.820746223250644,0.3461932696432063,32.858651768556925,35.702249598798694,27.066971807902327,7.387045015779138,0.6319912120343125,353.06638689849024,13300.382053514066,94.81149715570353,3
54.44826742614482,0.5049751764029211,44.3250017441842,58.26889219816709,51.912269605783884,4.102750979627141,0.2605244570163778,458.6816856970786,8209.45595665759,80.45654547677154,2
36.91132278833862,0.48653638047210046,25.66006680839562,31.320817258758037,41.31970001945575,6.292558361568785,0.43412873874419555,872.8499385380551,12537.226299294925,92.34106335807249,3
57.26877854267777,0.8448687295160451,54.90827373993999,61.14693703800541,40.7438169751389,4.045213486740529,0.1317939329706823,564.6230951809906,8071.462227506367,38.92768363051125,1
99.54530110575799,0.9149276660193506,85.24064980868205,71.17104080727462,85.24909382867521,0.2494528109969516,0.016113358380054364,201.11752774831828,3434.7654334412905,18.13438531764511,0
97.81197345803089,0.9404363217137028,84.58705136366306,70.37116062260569,85.17751949272659,0.42822309139061254,0.020317594922713615,107.24606682566301,3864.5142226221,15.92413516810827,0
25.03497490111088,0.36253126287104387,32.780590533863545,32.96912738283943,23.64802490015751,4.890102353131701,0.45096600244198604,1285.9028494642148,13377.39779662582,89.60415649842824,3
41.97145803522358,0.4598531931919936,15.812631581484071,36.09273213918714,42.29562614855962,10.0,0.5286563083919915,1142.8758280261663,12712.656270405841,98.28646411544644,3
88.00317540452275,0.9024227773462151,95.41317180759194,78.62543475682386,89.70093412319237,0.8704188889080179,0.050511184537171495,188.73242574779002,5288.835968292493,11.608326853322533,0
64.64076870335643,0.5564652701463885,55.5207693239245,43.93369172677862,54.70337732052072,5.740455551203082,0.23395852791018948,596.2933702396614,11827.366815557894,75.88447176240112,2
58.13747514476665,0.5645628995427686,28.38081352821654,51.493052412254414,67.22794998025529,5.746396061790281,0.28423827596507817,645.7726253812459,11737.01717576411,63.41753920713539,2
31.21738015709989,0.3145524752479254,23.94655186905981,33.53758054074906,31.277001779394915,8.936475219393776,0.5127117416140812,935.7568383731607,14381.992037448832,100.0,3
103.11391935055676,0.9746986106927874,78.74150154958237,82.36479079840868,63.35878146994777,0.8884663838064927,0.0664637953991826,198.53241489421526,4315.49772244539,15.165116535965167,0
73.44491876487183,0.7444383629975175,66.29071758902558,51.94903994746215,73.67818260202532,1.8081812878929504,0.1831640040169331,117.73650417554734,6299.5685140676405,43.96797332033235,1
87.27582656769917,0.9978940453173024,83.08803556019635,76.06346489704393,87.13334724804938,0.7170026527001394,0.08824060971166196,190.82298389917673,3911.794562472582,7.5888428816134565,0
71.61246020174113,0.7318555982953746,58.52335999735563,91.01362716897333,61.33896711655842,3.6192320590997182,0.17261060683694185,280.76364417316444,7628.429054080907,29.79369393437701,1
87.70549066157139,0.7248302939040798,,57.34833948875105,91.40451106615615,2.1876511850836726,0.14825384074666728,385.83373681277567,7001.53234109802,48.755969643042086,1
48.90334519003348,0.5541467464843465,38.22491529079781,53.40881659461561,63.92458984479775,7.111897499916374,0.3681071759898388,295.26730338791447,8071.5935761935725,47.70473748782614,2
83.34359346416632,0.8110053917476265,50.11941620011545,87.46291168984557,76.50182856850947,1.8850923489616551,0.18545651689412407,553.2380382587621,6888.185211225624,53.48109104105552,1
71.53471498994465,0.7891156957413137,75.95954955857995,80.01115309467444,77.8277255803882,3.2798616578413338,0.14812761505116168,377.22562692568323,4368.572708832536,20.777654984931264,1
49.581252422042574,0.5360580261231281,52.946622023021106,55.98155247464706,66.50070341940537,9.211222766483754,0.31296255621723645,636.6147665253579,10515.898585498404,44.76827535826152,2
42.85802678040555,0.5007858642844436,,40.542283539267224,54.87108944019046,4.351733032656556,0.2887291293206958,740.4308606305881,9693.931884287216,55.20031853851273,2
93.27890500938038,0.9519755139636581,85.92053029302086,85.3352628747832,85.32782985872636,0.7194914153755304,0.07435950522562804,269.8922153515749,5059.738213757973,12.292634967464155,0
83.47762802806633,0.7504239497477648,63.478403708904196,78.42412733835289,64.19032692664972,3.108941082269104,0.113073473945785,543.9900556356811,7256.9856682294485,23.487733424928557,1
64.38196668271014,0.7527162510206025,,67.2588169472037,58.985860430658704,2.020454136812918,0.19698207852410404,382.8820630203601,6594.916904096281,17.90773600797404,1
53.75030447554024,0.8393420103358935,42.384009999492825,73.05288254495983,77.26769696159158,2.4860966388433914,0.1381109326008283,,8203.81593616268,49.14110390606782,1
32.964658523292364,0.3539123386504919,24.883539155971658,29.00125661833452,37.68897349330847,7.907239028195854,0.6444376004907688,1315.7641932204247,10221.69934724514,87.47271452108755,3
108.77046131378464,0.9672618788222912,89.95172754397542,94.68120077240619,57.372104620868114,1.509046138674067,0.011904743258383444,245.06348847808073,3373.7675355245547,12.932756482641024,0
34.437051042425644,0.606820338017173,41.79380105199931,45.33451553795009,55.18475844253474,2.796049975260641,0.2542355571422407,592.0867337998851,10848.971742582755,60.68906133120972,2
54.76450519660998,0.6544305009614929,26.76159774542829,48.62549443044023,57.95538175566998,5.118872932120212,0.3854349675471978,294.589770228631,10018.090634595956,48.93267012270549,2
26.120486432918007,0.48989908634783236,36.7960576657151,37.35334030401282,43.52970749722868,6.575421428387441,0.5226530985175205,869.4583756113897,11260.655590111304,87.19071562537668,3
102.72664661253242,0.7854149024642282,58.12942156090016,54.618452555783094,64.40289285692505,2.154920324321546,0.11038737902788105,437.0309127725609,5745.6049077743255,41.73472796158231,1
64.17801777155832,0.7935147690165041,83.4614231370071,80.91080730619564,,1.2281663285874265,0.1437997747895554,357.54018339778577,6908.286899805288,30.372633520036622,1
63.78653965566036,0.7598948884038679,71.43465117907283,86.57111876561558,70.52713336931308,5.911809012398883,0.11118003712339372,409.23791493920686,4857.0604156338695,39.07090383398832,1
63.35454951380873,0.8480194891269845,57.775210976447084,65.37371554667666,86.99595162410759,3.216332635309003,0.1678060376787675,453.4347213453784,4768.86879922751,44.95167665158606,1
92.7332608940462,0.9144784553666818,93.32936406532713,95.98814070677201,85.86625641095513,0.8745394608478293,0.08848267613585802,133.13787920405775,3849.876115426525,7.317346548089808,0
28.363568510234664,0.3746928433585444,33.17125473574132,30.361939532796406,35.14209403591521,6.73311273045824,0.5546640982225426,566.3445556764029,14784.504756481694,77.025618829299,3
62.237735414412015,0.6635829252093329,42.058062660907055,40.282663792282776,39.75748907935664,5.884897059523681,0.3602419800487258,513.9728969219357,10188.83647407352,60.21222650834258,2
76.29949926681067,0.713999218040474,74.1327107526482,72.69941013326984,61.42824093018623,4.449256958921482,0.1973526551837252,,6184.95819229639,38.247815941101145,1
30.60878342644525,0.6584434066310703,46.8237330676875,52.95424127000762,57.22860027242758,6.091258659975728,0.3259345303719775,574.5270041734201,9923.933376892455,61.3931963072956,2
61.30425776541835,0.6269828470624128,40.56370839110834,61.63193518961377,48.21011787575586,5.02926591177816,0.20003154891561137,511.51269056251004,10618.738822723491,51.906533152051196,2
63.611318535642084,0.7185908791396659,70.37873066761966,44.5939397440586,69.84640903274163,2.433898553919776,0.18957191747480015,382.2020251167387,5879.546664759922,38.66606247013805,1
103.4051991592898,0.9669943303583168,60.02261681202842,76.66805597464126,64.55623322863087,1.4478928585579238,0.0927643077479293,231.84540395014926,3580.56466476203,12.335031402870232,0
34.05823630229819,0.6379682566871928,41.11218592117302,42.181861366411766,56.45583078707869,5.264141563710082,0.23712081279108665,433.68276308842337,9471.764186004117,73.55805339431501,2
84.49089409139079,0.9886918798499458,80.52100203110238,94.95615164025244,84.43060893533215,0.0,0.0749667844479801,205.38800277262715,3811.5695203781383,16.460744210593994,0
102.46828537578904,0.9951718205487284,83.95729051159445,80.35528060143653,90.17096381851013,1.2181135550405564,0.05077132753421697,131.1519172782053,4844.458394699561,10.849647524353816,0
32.32237786882615,0.5316265291438729,41.78017306356758,61.13193124576978,54.22104720705975,7.685026216472393,0.2550080517881467,454.17566730850126,10064.100024456491,74.34177036520326,2
67.51134733600597,0.8407883287265945,73.47866816910899,83.27406102150798,50.31610610011947,2.809910487655869,0.17736793464792508,379.34532655510554,7319.482585322725,35.52372768727569,1
69.32418707832784,0.8439751572098315,74.85889191257516,66.00022006590395,63.92048408794985,3.7304409591445173,0.16242904007832698,543.3633608817878,4797.95421222434,28.15187890261104,1
44.88258064771463,0.7753597791765303,59.45767505590709,84.36513431510747,58.72917245975688,4.565570029914197,0.15435439146494423,412.1567487712649,6934.626879824523,30.647518029948316,1
107.00923543212654,0.9766608418438099,100.0,81.45220112649643,77.46450370648093,0.17807966742624748,0.09849172928251589,178.3670243301704,4386.681613665626,10.369183682583959,0
35.28509080679879,0.46216410756763027,44.77548157941815,26.786449935405734,38.28241952640038,9.189397059961625,0.6378980954177533,,17655.71004014191,94.90710846624086,3
104.81829481332848,0.9195670896041384,73.50594369857768,82.31547438803236,78.73138370358683,1.5058102656436596,0.08877961743741172,210.3771147444371,2882.1018846213196,24.239334978510513,0
60.647250713805676,0.622429964322678,64.52080225474529,32.8851151463506,59.456582099241274,4.871093132271769,0.36981417498069846,540.3977952122833,8297.514185732307,64.4176064964948,2
61.17564622432641,0.58137282150786,40.13316804042813,59.6467423968642,60.420455798688124,7.212647844016574,0.2594161099755997,,9490.742590793607,63.28644025804809,2
110.26843700408736,0.968342634481185,87.75948304700566,77.836520608641,94.80070318891256,3.2432439632303542,0.09765465252159315,145.4984752263177,4297.425415909024,13.86736263808581,0
41.90525435856281,0.3548347715022933,44.084088010594215,29.33734977412852,31.498657972823814,8.461934657390309,0.6556709574927733,1141.0040983739984,14168.69453004468,75.13559500900753,3
34.92501614756223,0.3859098247041351,22.692855356102992,25.92007625791104,39.60618702104851,9.865506191810521,0.48833922965234805,1504.6852288369648,11682.704606456353,81.61330946116243,3
54.96597304427307,0.5687644982517505,55.27106915133725,53.1805154817896,59.019148310745855,9.176347856341907,0.2724585996632973,731.4908819763269,9487.17710108347,72.52346362298007,2
34.667897935194645,0.5555844021538718,,51.2434358488113,66.65064294416023,4.549144513633209,0.34282430548046117,577.9520024752528,11143.072661553897,75.24638596482757,2
96.19091302269108,0.9911888596266472,68.80528756631331,92.95714447865359,,0.7752410151415938,0.024545445465726772,250.76961643376117,3011.5455643354167,20.135302134365087,0
96.74140602303186,0.9027740345630217,,90.87778227889649,63.863729597000564,1.2590288214837144,0.09848943879883712,200.23716797637942,3279.6329776465473,25.200669429984593,0
79.74642673956116,0.8612908361505406,99.53391375946046,84.22491988853714,54.83840623006433,0.8151496393494699,0.017411769130308234,114.94297628663791,4269.973878627589,16.32240842475687,0
76.40852649070844,0.8157714664404994,67.69104484224088,66.45174739050957,80.6219479074292,2.757480109178257,0.1970076618910001,377.99464926283054,7665.454140001419,41.76994097375054,1
108.80927264641142,0.8971819146405037,96.64839296060737,100.0,97.42047056932188,0.5097015897394184,0.01897867036343202,170.40619668284538,5046.29538590236,14.432059431894748,0
92.01150910878482,0.8994568263121305,86.11521009792507,99.53668174073951,72.08605150018859,2.6507483443052173,0.045024815486213204,248.79410416538758,4325.901698581565,14.964685477245851,0
28.191552121706668,0.4528025251331441,31.329145802028425,33.14980587709939,39.67518650058115,7.562523974098361,0.5231012783007313,994.5597269475754,14563.779602133121,89.84734647968924,3
48.776986418036984,0.6888447348947573,35.41220552600963,32.45202114628755,67.12082824712334,7.494282464053207,0.254798120094518,634.3160070037023,11036.376845123637,60.065486578045395,2
57.79467560709678,0.5702439261335139,57.504286710248046,38.56804676649961,50.27027680776525,3.20912471378066,0.2376349292105836,668.2056594625162,9839.429908932749,62.588875157127056,2
45.82873732339383,0.6824128905752778,48.15267703712555,54.54502572085628,40.25811188342911,5.757051962899911,0.2211151284438927,652.8528165471081,9875.53172587102,46.24914766832915,2
59.23541251601183,0.5682404144784307,37.876712388473,70.6205115300686,50.1750848867218,6.729252707884101,0.3579896539534077,738.4567240840142,10627.935205916277,51.858467434023964,2
54.80934499443921,0.5290583423931563,53.60308221534594,65.22935924483794,52.594784479667666,8.358100431078531,0.21004262429151455,383.861584817723,8463.88004525835,63.36583045459035,2
45.17002434337288,0.5100288046143621,29.974496857626033,36.930987710512824,60.763892498500574,5.497925740285555,0.3501856787033445,622.2821855388959,9370.022905841795,69.33066605720985,2
12.449979793083923,0.5912210799034425,48.574875452058876,56.54023974231481,45.96513525486472,7.132143114619962,0.25216168543855527,590.9881210654967,10554.227130116566,61.658590267986725,2
83.52834567584934,0.7900185909909244,66.86021639217523,55.49022240544865,81.36416405389465,1.7430996264454262,0.15280584218921248,243.50261065582205,5803.499253850334,43.22682426574144,1
64.55532566530381,0.846684398167919,77.31740416660507,56.23232219501186,66.77128212856913,5.960847867663874,0.18322257805043787,362.4780769866102,8821.371494134497,24.84418620349455,1
43.22302556762536,0.35041973191246,30.049341918932885,39.89920128638411,29.87525629845609,6.92993383061686,0.47333566307699865,1115.5637956778062,16241.551763480831,83.66721284770844,3
74.70490196720318,0.9815287874539258,94.77817123736905,79.26969073787778,90.92302017839432,0.5778708359272091,0.05217218239376252,172.98141898674953,2547.692020082786,11.996260346807162,0
62.89278442782363,0.7326498814098907,65.7734667874318,56.77981744085583,93.45988232270165,4.203235186744218,0.1680213370933668,300.11791306659507,5152.499766788832,23.931297084659434,1
32.92557853924821,0.4660277804553307,26.807512938394296,31.799003322250055,45.04152361376481,8.1624510063005,0.4634585877590241,955.5935480395915,12664.67779014157,83.43723663294956,3
55.8571475202585,0.5671827690213379,61.20421345601635,52.46730451086932,59.76361949590051,6.880295721399516,0.20330788985797532,679.6202375509095,8401.865394147013,61.15596738679908,2
72.33748501811291,0.7482028458722838,64.68781648376212,87.50119244112133,71.22064048027299,1.2277823868973252,0.19863557955057412,150.6529486514264,8400.719369859242,21.39165021698921,1
68.92065112771768,0.7018986742726243,58.115436311448,63.784415386066186,63.17465741091547,3.234399362429245,0.13134055614745566,425.59771464187713,5359.107886615519,47.51947454513157,1
46.40112447936137,0.689168881812543,37.133932260780206,42.920270529935976,45.14183065017715,6.447680345566472,0.335974574789435,473.0649506705239,11499.030906966274,63.699256130043906,2
37.997176054402445,0.6226243947483119,67.26359470935915,53.32655071477108,65.3453247422755,6.621234456932297,0.31720327549565935,,11139.9172347271,66.54388134060763,2
66.0865625777258,0.7872262464436108,65.67638643706118,69.29264159777256,70.70551546012756,3.362611212798863,0.13448891741731833,303.2134573114913,6615.4633376432075,29.791070960962365,1
80.1759245605151,0.7324735850899176,59.06123831297351,61.90222906922636,79.42495068612695,3.5357426042160753,0.16386990948831726,273.70370631326773,4771.958388296101,29.32552718771648,1
87.61353485773253,0.9206140332501553,68.57295113783117,96.75157826294141,75.09351957915092,3.1960895592968157,0.09059681083427434,148.2615110973217,3327.312309471645,10.19610220877555,0
74.46061940511831,0.9603121038260505,78.80208262217408,75.0822735392066,71.6865321474805,0.0,0.09231985966813745,279.45736508182284,4328.064389527491,12.566844059053654,0
26.80770378692535,0.4443819147984608,34.60367447681708,32.11354804928658,52.722703777665494,6.841454765423117,0.603505188836506,1446.2139421049355,12027.22260128848,67.4004111785075,3
69.92942030514699,0.7591907427491861,60.570362230960434,59.842546104776225,42.98838311817731,2.420048703428537,0.12335790831218663,543.3625019820946,6821.560922259761,41.621687539475,1
32.018191324090566,0.6671848146055627,36.383488616147744,42.246736178880866,68.45247116613908,6.347538403914546,0.21033243516579794,472.38527269684084,11711.005075943182,52.28957842858795,2
61.77499588021656,0.645764436018549,42.052810206866546,64.58657522937662,56.296145469267984,3.059058612591394,0.3842795176000393,438.9460730703804,10747.886651323719,52.851927410085295,2
64.61879717913456,0.6444311158633256,44.56531531130933,39.46835850829865,59.16455749116245,5.926794674610106,0.25177774839410094,430.49337462534527,11037.452619948708,69.4563342756763,2
82.82054306374441,0.873735889401132,88.15512805509546,75.12082166358981,67.61331941124949,1.1377438940031375,0.020142807439449267,206.17646009205464,3838.634424549436,13.703890934979537,0
96.31703519052729,0.9717179545620536,83.73292306777405,87.61860659290274,94.8100383054965,0.0,0.03944800198350363,165.15119911782188,3164.2423192352317,17.167708052362645,0
67.70078555254435,0.9884764042684495,92.11423347579907,96.91955967642973,75.37241886865377,3.64684602298873,0.026790747367119373,186.18323524778913,4235.354663250365,16.07834385466809,0
43.450212897677076,0.3746630812731882,36.8073428672238,32.651820288948706,43.835524037071245,6.221016519023106,0.5861677586256996,,17757.235113859482,71.92357418906559,3
54.954983606591256,0.5598128619217686,59.954130939257354,41.19683824992032,40.92618655280126,6.812158333259875,0.2752294620020981,231.27458541764724,8559.361274976869,58.8634315750096,2
31.645311895583628,0.408540249451329,27.961620584602823,34.75091569347779,43.341989431717664,5.2494810380376205,0.4523070122952615,719.8024121089131,15056.175211591502,83.9255511820575,3
114.74771026726384,0.9338085112318828,85.92440314701051,81.65910792904769,73.61049219117923,1.6580675755568537,0.039129650293222025,325.1585895452855,3600.0925899213134,18.496062193359933,0
94.9875671097111,0.8720272253610138,56.8243896966099,73.60497205918735,81.96373731203441,1.6464767861983516,0.027612868537273565,208.29729314061575,3196.2762664052034,13.63186194803366,0
62.20214756048421,0.8950886684171377,87.79460729787698,87.3406599105568,64.92076154903295,0.5939886466196134,0.0343650482376385,211.31190443337107,4855.026957813503,9.153423674567655,0
67.42407659003904,0.7337587518272007,54.40693482410731,81.80482613674775,66.50634688764633,0.0,0.12078883541049971,434.19216105893037,7030.859328686134,47.12090719322736,1
49.69226126078027,0.6040179875211669,49.00206306272122,25.31932245694305,,8.30577609025748,0.23574122418652177,865.486960148339,11344.88669322526,66.40026618384329,2
46.666603518552606,0.6246515019346263,48.32936626731234,55.55446182202929,78.83133731305608,7.306059106591059,0.36075039486081634,486.8425710953546,9079.508863045028,89.14109215768362,2
73.22890812091211,0.5334735061453303,47.05167639058616,52.034146733895824,54.81434986279545,4.038674175539931,0.37479960232261667,549.8094218204557,10879.149658830616,62.725179902295935,2
74.83966944762464,0.7829121171395055,,40.68225633723122,69.94206581812207,2.1410594959567324,0.150646111876708,414.58180980212893,5997.694500041647,39.02516209735322,1
60.26889664411269,0.7660804972185067,90.96549884756027,74.02210580920836,66.67639617113562,5.086492207806558,0.18174809350901405,193.8594575977095,6939.038749052763,47.74653124038341,1
41.66014171107243,0.5565251211902986,38.487224437590335,41.82798930497986,65.68502302588249,6.568771425727188,0.2431851201877915,309.63415037405616,11910.824748126463,58.15123243754734,2
62.257355011111315,0.8459891115045849,60.24636162248452,79.07544074322675,63.684544812062576,0.7536765582597584,0.1730566270433405,266.7550219001795,7230.856479371611,42.99068073142299,1
39.30490343504421,0.3367477851684856,25.64237598790318,27.740311080801604,40.25627672402025,7.543355831323274,0.6724396169681892,1184.7564394450258,13187.687388363049,84.67125514847565,3
34.531828120177764,0.4385818303136162,27.567424872675684,42.45255384851006,42.639743094361584,5.432292226282723,0.5911914479284973,771.8198006724583,15260.84625243292,86.18350065655177,3
51.69676872374534,0.6164242741639672,44.03057894892328,55.403840477736644,78.23532535173476,4.907552631067788,0.2509517590399691,521.9395514640823,8512.456178520904,46.08016713202924,2
44.73935971825519,0.6074669649686155,65.54513140929093,41.476318759579996,,8.466684360901594,0.3282238930103959,883.1437680939007,8590.795534674016,62.38737925291357,2
32.45499329130963,0.4997689654369262,37.54182549369097,30.72377928050042,40.92511308982142,4.815792660724346,0.40974439661076845,1183.81441935897,12988.644543678514,93.10913772615696,3
34.309085367827784,0.6219962985628943,54.347752696578276,51.212606623491844,43.8769109668047,9.359274466842525,0.37247607690485485,627.3420335306805,8135.243177925094,61.38635028530451,2
59.399798932407286,0.7725986125498809,56.672461724213385,57.99016646819659,81.10821303735523,1.1109430875510553,0.1356089673754747,359.57767096248136,6111.002585789981,14.982939982744664,1
67.06453390377048,0.8068866914870891,50.26799324327294,88.82399076493776,62.348701349215325,2.098484819052162,0.152563102800037,386.62206274787604,5440.4475170377,41.94326381149299,1
43.64877052154416,0.5132832808962869,49.75456102132802,40.55130227704245,56.48749519007075,9.516138721457649,0.240495712828276,,8399.078161439855,65.38211605492258,2
69.21577927485725,0.7168409137493365,64.1861485220363,70.5254997743573,92.6986162176507,4.164622377957646,0.17619697445971536,382.8189536197326,6363.367042332953,58.49108558025033,1
67.41280942222812,0.7593504871144474,61.65719077128828,73.14076525832661,50.163932789457604,3.477759597902062,0.1434236696611396,591.1923238569825,7542.6039512825255,31.407146956935833,1
86.48251096490681,0.7445950898838458,56.50619222366622,69.2176133878021,70.27420128638232,0.9461593297941335,0.18491366361611222,357.8417688559707,7564.422321682886,36.207902325011105,1
50.0561006375713,0.5690408062079568,46.7525177361985,79.17032771208656,60.746162413990916,6.036980117894312,0.38329366973321133,796.9032267674472,11488.988862990089,63.97527756573154,2
55.427985543460785,0.5379527116292022,22.691850632087217,46.128489441501756,,6.926448912000269,0.27207562431131393,647.328441138038,9893.285419986067,62.510035431501464,2
65.10135352855332,0.5218860809671959,43.67153106158332,62.424372865256906,51.91965966250734,8.109784825103494,0.3348473123256398,741.6063222223627,8473.701468025836,55.09127105106434,2
117.06297462909265,0.9007959542029702,76.52345549401639,78.18260065885131,74.65777505410104,0.7426107337150694,0.04121713098360006,159.03292036327133,4936.051903756617,21.118968112565824,0
61.36028333983372,0.7258677759814698,54.78645318017607,88.81214244657585,81.22723441575462,3.627816480140959,0.1690920570071195,206.20254527834524,7663.386084621651,32.541516825560166,1
35.05213176637403,0.47581240091045,14.181613514879421,29.117802244979554,41.921642360332655,4.860653749943053,0.43427453597741694,673.6320963672225,12640.236138173239,77.94244437772802,3
43.05414674893666,0.4231585104202771,,40.29382988017278,,4.12321787747557,0.5378761017638332,,14974.495620450574,73.68931370065029,3
68.69459377232693,0.9831383486078288,100.0,91.69684489316505,89.9420369578402,0.0,0.05026418403742607,179.43697847582584,4107.877387051563,5.539832137571651,0
83.74875378692072,0.9264838863596307,73.19048695627546,82.5719771268805,92.69322376762685,1.6319422377421842,0.03790147202396641,221.62176938280302,2519.714928866894,8.932683199235385,0
93.84733514106141,0.7809922340832076,59.91887420837139,53.83907777777753,84.07643286370276,3.0059752224361254,0.12608351628039766,435.43093815188604,7262.473942162224,31.12508685094566,1
24.693299697312362,0.3636553092238961,17.999078547171287,26.261774687750535,43.940931050282195,8.709723289309997,0.5429449623565812,1117.9012620574556,13353.142178008102,91.11601561549683,3
22.425732719678898,0.4798678818036806,28.246031223400497,37.3172281672024,37.97898719645782,8.256449083007645,0.4482146754674517,856.1425016104648,17299.84538137037,66.51889887611463,3
24.411289811059802,0.3127652069419427,30.92995819718509,25.89403243152056,32.818012394942386,8.388264304011287,0.5443201572542421,,13108.280195545763,62.82390919847985,3
51.88643475990963,0.536826004616237,35.2208103200718,49.22517225668114,61.73733353031942,5.065718603364219,0.33799823927086126,643.2225062310382,10419.679949099693,71.88806241193157,2
36.82687897413636,0.37826656729323854,15.75898002561511,34.180166214860726,42.85740161276592,9.004976647244204,0.5306819492442898,1118.1426513973793,16803.63663411842,78.1984763424818,3
45.946159919288874,0.5775163334873666,58.96198788004111,52.783020515631776,61.66662978199068,4.783079837135478,0.31923255958213553,779.7338089801931,9752.739809881263,72.99871243530605,2
85.12655844459104,0.7352422844250088,65.06823133146155,55.82374042500585,67.0412403947155,0.7839761867176844,0.1333842064343386,456.819431730479,6146.536037982863,34.72030585513018,1
87.34677738032674,0.9542008005466299,85.4802910104865,83.18441078404767,80.18694816571461,1.2454327242237848,0.07145015501747173,181.85721863131965,2611.492451280937,13.902938395139648,0
30.094759881205597,0.4855464559566008,38.206120992736984,33.05095955425656,32.35250299794277,6.059401007811968,0.5969239402689018,1221.976228073965,16876.396274182393,87.45235847894236,3
50.27891896256583,0.649514927210822,27.79870123850552,74.28934738076904,53.48360802332633,6.445604203437721,0.25396669065821886,378.42533755314275,9315.048854473413,71.02692046074378,2
76.49148279775787,0.9872877826046138,87.69695159169606,68.37475497863907,62.03613213362841,0.6267261420046457,0.03265834478909033,,5075.996958751474,12.472763951732365,0
35.51708210518832,0.3105346663659394,27.259882730177868,37.62900892300882,48.107266672390146,10.0,0.5658822244567756,1156.3647373566175,9958.556612739409,79.41769737602216,3
76.56754232952761,0.7136348352211821,53.48546259315307,61.15079333219229,70.37454795072946,4.766559531532527,0.15561155414872133,232.70383904628648,5073.43282713134,15.767837137902479,1
54.5333566274509,0.6075675646298615,33.48016129754802,60.5088824094687,61.06609309110155,5.960970394496597,0.3344297373864814,,8826.418138626685,55.6494739976414,2
50.33125008926399,0.7078277487949544,66.13076321446871,68.45470894258906,48.84603207739005,2.4198099932140114,0.11479547387739708,399.32638438858976,8105.5037830916135,24.997294772232117,1
94.3506029842152,0.8989105753490685,80.1769693269922,73.86313378094461,74.26652715123707,1.3021502374318583,0.048221514252726444,105.27094247638486,3759.4594284342215,16.627425561623088,0
56.99399337218701,0.833919003463099,68.11612000255752,85.05693804805185,88.77293303820849,3.685763296735547,0.14496896733693398,463.16352098206687,8135.89188781896,44.328953551938085,1
94.22667882129836,0.7965913458003865,80.44945004210398,79.23785083789343,74.5816936579056,6.314080688854379,0.16817968112843867,242.77694559218702,6029.4323374653595,38.899455993834366,1
42.69776304440096,0.6217809722060076,53.96023507962742,47.02088672001929,78.33794369881724,5.691271854452234,0.25698172460835306,755.0442503231275,9697.154901015781,55.02947513164318,2
32.8628421513161,0.39062726629569994,34.966671547064834,33.69952306019944,41.97548628050149,8.40182187465683,0.553685422915064,829.6576473447684,14959.003137123545,87.90087899635432,3
30.390104572069554,0.45260387956313347,33.315518128272345,38.430568048097186,29.189879302374397,6.052343328183589,0.4387409212199003,777.5513717767998,14092.944844119973,87.02074506161313,3
49.92709563142191,0.6119682191167983,39.97314832651656,63.30998549129698,59.90611854177404,5.000834719376322,0.2244107534162632,517.081362368223,9081.958086277904,74.35856464085899,2
47.40036504362021,0.34433276861747764,27.704357595803145,30.85755787735907,45.10903379086582,6.746331358217046,0.49543975940004725,661.0105322000036,12468.36805380275,90.91571018453098,3
44.292367911877506,0.3189864019131236,38.99825653271708,42.2103696896482,30.56990596020095,6.324313407954888,0.47036323022441595,1096.0174574479734,11235.42567241142,94.94868693787939,3
51.253766106685894,0.5111676441752949,42.93626601976781,41.28754188185489,54.749925366745146,8.914446150131912,0.23814345060094907,678.0907077241507,12089.946377825887,62.8191802075105,2
28.814692275333705,0.6581319052091221,37.914471887263176,41.04782855847445,63.714878479251574,4.072817189958559,0.21695189465506437,729.8511976751055,11686.64983019467,51.62176938832218,2
69.14135159286846,0.8362983342010539,69.61295285501345,87.12203370106782,68.10008677703838,2.5918584037737498,0.1271460663020991,302.5209122402159,5671.547416969845,31.256099667930858,1
77.68466267917456,0.7388497681792149,89.43066225829345,68.01182405306358,69.00450517343421,2.8838204891005903,0.12471747445945176,392.54073229919237,6841.804738353237,20.636475429608396,1
34.787381708645206,0.37973185750368244,23.610049431312355,38.29731077202803,32.02219273925809,8.791530303050248,0.6494604917340625,1031.9428913514482,17307.499096542,82.40278828923468,3
44.174249473856555,0.585256181250907,44.00020848411792,42.61048976098126,75.78621492613078,1.132366989310147,0.22927518773363142,637.1769422852738,8460.504138232702,66.86827495452839,2
71.85997272940212,0.8958703873674217,76.57442542052902,88.42749005435427,87.07204741680619,2.0651028687320374,0.03314031967037305,230.2548916314792,3480.0103614738523,26.165579585660883,0
95.3246351980121,0.9103225714292393,85.85792223808073,77.46030114709592,95.71776002230548,0.0,0.09559296322737455,51.33469143537212,2970.4684647310332,11.259545085756688,0
79.12791319339593,0.8146598803843861,51.50887429851658,64.03151020419654,82.20056533944135,3.137318466067092,0.1696539022387893,474.52522288182047,5640.59136143955,37.483054757359845,1
95.37309181661317,0.9273604282561068,93.15021904419442,82.9878452210791,86.76002603670688,0.5651732087322634,0.022527695207519707,247.2107420125907,4236.6238950771885,23.32626116972348,0
90.76131681143829,0.8759688158747734,94.29811302738571,86.82615783665396,66.50715805111673,0.0,0.09048052384662222,256.44163734717233,3165.9040026183075,17.16425201259987,0
48.034140812504994,0.5301464814592941,,47.34144704553142,46.96614201997383,4.518291547038679,0.3835266381843421,579.9558405409844,8760.215995216862,69.41619013551491,2
68.8147096465774,0.8910075877170668,99.22675959924828,92.01705396789552,81.50342555934428,0.0,0.0590712146493017,204.97787987999834,4125.3686742195705,16.224486508563647,0
41.43921628799756,0.3018411334781286,27.13242940070724,33.561950935388744,35.165309800224996,9.37224321754774,0.48540939066626665,965.8525683077569,14752.641621349523,86.6392406359343,3
70.19252800440145,0.8373537025077457,74.5554455225062,39.67060755930792,69.2272699794329,2.7366431862239353,0.10894783829824174,410.29955997616804,6352.141578550725,56.71192861062495,1
68.76149210815771,0.8246626611034893,58.90308172570158,74.22178541096676,58.762710176994084,4.305803314557378,0.120874253342839,342.8071453801567,7416.035949150251,23.187988268511198,1
83.94170614677209,0.8332266865567574,61.46505424161608,75.3376359762349,47.10581509247514,1.8544460112315642,0.14090077367362733,,5329.581335712888,35.73219450312465,1
57.21659406631602,0.7116805096459549,77.79487345322796,57.487631089800566,48.94159972899769,3.6754782401710857,0.18472094875733885,532.3340922489938,6627.4054998677175,37.208417702903525,1
39.669767152604074,0.4928291591731116,30.655915702479582,43.35732988540325,33.86401428261992,8.455077907792482,0.45395444452275974,566.6022484950124,15026.564264052613,83.01330866177096,3
72.0750486488976,0.7488968565653218,48.999689334218296,73.17449651322481,60.96570467997384,2.1769254879775986,0.14549350717974446,314.83827598132916,7515.046507996741,35.32863373980213,1
73.8834348651519,0.8041911417440092,66.05195337537222,75.85026470434813,95.56165781300206,3.472481303130751,0.17351158248403958,462.4090183184136,5324.115198905147,24.140368292582934,1
77.67841265060049,0.8225475071213604,47.62388761317487,74.83167948390404,43.42405052326532,3.513620371152485,0.13234673347304968,346.205603366686,6451.708774962321,23.34558473778943,1
61.0459634574438,0.638110528079929,53.644367782660254,53.214587858909255,,2.954091056087104,0.2934348266704893,307.23352746072294,8507.74415027521,71.12798195612906,2
116.85907092553076,0.9024137669040682,90.1387532411895,100.0,93.68949737065446,0.0,0.06727133127403509,136.47558772090892,4804.018701802482,14.46008156993695,0
57.29802688497195,0.8134903747440781,60.322307844782024,82.2731266796947,74.54342893814396,3.4030581794203103,0.1069581783543579,348.5067637018796,3077.7981606506887,30.50349806157186,1
41.28476004766512,0.6548343000045858,37.496777258157145,57.66177597621218,45.96973462501785,6.3074990576169565,0.25157400070960173,557.9142440102171,9253.688161226111,56.538957282199846,2
55.812095388199594,0.5592308936527716,47.93116022934678,38.342293828330334,77.28212395419007,5.964928182633094,0.3626686658090217,491.8045874313815,10774.63467594513,54.10421004063872,2
88.23917267192384,0.9650046735750224,89.81977521009946,89.95137870045973,72.54231914342627,3.112519290962802,0.08782099773270854,232.09395307388846,3527.365964154366,10.384638018422113,0
100.27793279454282,0.9282723552074883,57.40588522224332,97.83782608325774,,0.055423280079091364,0.09052426942800516,232.7941995345695,3940.9266008769746,15.907305317403193,0
35.838027698217516,0.47025776785950296,44.74274631496967,31.83982508449305,,10.0,0.6986647794218708,1389.1892601776638,13815.475263800747,87.1446326746755,3
109.15434706962192,0.9594530208691457,81.22946813095945,85.01467371442111,56.74651812582206,0.0,0.042233217976152385,185.54972232280664,3589.0345765541315,12.131484278536742,0
87.94592802170084,0.8339809882826262,85.76752420042186,82.2517552617715,61.12726195494149,5.9424442099472685,0.16893388222000827,328.1516014838884,7284.602639204584,42.082662196574,1
74.06647014997517,0.7126165148964528,50.503749126096416,68.78405172618292,49.98758866376161,1.5998422291905101,0.11852233308309379,,5776.572349329338,27.705629511523508,1
49.652245298601756,0.45519478174997763,24.16882527820649,38.070588510650154,40.53040784270447,7.605000098262671,0.5747111689475045,468.57323456684685,11495.536014146315,76.96276339105314,3
35.772858372063595,0.37449338956513467,28.020388348990554,19.29975604383263,35.25946926964194,7.356672838901767,0.6835237593423495,914.2432131527709,13493.259191229728,73.70332540689463,3
24.8202983784115,0.35433892323385185,25.00877184293266,32.90015161802489,43.007927103144745,7.910529879169559,0.4986499140643571,1272.0352800026287,14880.770622320662,84.30148131816357,3
49.83332165667795,0.6848475401628266,60.120221828243714,53.41226632692484,58.87031515907161,3.585241195784591,0.2071259590780279,760.3374027637968,10235.284478652206,66.75664453256977,2
53.481276138204166,0.6629015936261062,32.145964797711756,64.16126282081505,55.86565664622,10.0,0.3053378717852703,588.2503726604764,9181.12617590486,55.198377168069555,2
32.92155057279883,0.41091613430712487,42.01048254154418,38.70229909222646,52.55651918520435,9.094875542831101,0.588483837719564,600.1576063529504,15400.774148986817,99.22422955285822,3
97.82086107354111,0.9070863912067161,89.99593919616403,94.86233395275602,80.67818665380427,0.44222152015392313,0.01794503736715685,188.66688981380003,4644.69165547831,12.733702370264789,0
61.77950440673823,0.7218351637978752,43.393778920236,64.38192981278988,85.36959737246073,4.3231122229342205,0.14966238140631716,377.648894098431,6941.981068783408,35.567066488392655,1
36.615202421897614,0.5390060463578309,49.32044592628046,44.7516452089923,46.190089931548655,7.564266028407886,0.2080233156577031,690.7699523638424,9340.72278413646,46.193478298898604,2
60.74807664215571,0.7120774837887267,57.84955272845599,66.66857561036178,70.52908288967956,1.9092038271103882,0.1405225782929334,384.98243486050995,5783.953150920788,24.197329402193073,1
64.18388204443139,0.6532159998236442,24.465937710534735,42.92040629368002,74.42054172269576,5.364592537866385,0.38044405730807485,605.1590692961374,9120.814507910523,59.65427774514181,2
92.59951008856972,0.990123301568951,92.22686118186009,81.02008225110778,83.09710371921604,0.45749009228526627,0.025309619381086845,131.09058240834472,1316.2405677761935,12.048890168471825,0
93.78784534726606,0.9244044841380317,72.87110006154917,68.21277237651474,92.92992573375398,0.540445685005881,0.05069251496102028,218.56033817350294,4057.3224022567733,14.90234805266449,0
74.10210391386326,0.9801106169836851,92.14956029525509,73.06045777954768,65.50800376517678,0.0,0.0356399775012755,219.0119797898415,2741.546424802061,9.837333618952947,0
58.51765332799396,0.5615499033215641,48.005522845432985,44.9996132345072,49.559530952441946,7.308956625820215,0.28141839123160395,1093.1641781083108,9800.54838225634,56.7426110681738,2
106.74673758210778,0.9176822969917594,81.30273067625588,87.61618434546202,84.50449549337606,0.0,0.09472700632766512,182.51848618866387,4938.407577948511,15.537625002153995,0
53.72416597687522,0.5281390847721492,44.47693671287745,34.84473538614411,54.42750211988924,4.834790958867725,0.28378816841602555,505.9423731828974,11941.046442993957,51.861863580710704,2
66.35151231244186,0.6871948169421448,44.67429709886595,46.46550971250131,52.45661284811272,7.803986905500275,0.37058487163569,484.7359977710993,10997.64816385709,72.59283711436169,2
86.29535041340688,0.9515785140965178,90.10024651787214,100.0,76.15906492073445,1.4972202384433684,0.044303288802494574,197.99813962394504,5198.041411706628,13.450775493179634,0
84.53567390294135,0.7499145573003518,26.955120975498012,80.70852561861889,50.830751720182036,2.049050061554996,0.16940199458245653,457.236694157765,5378.95836164683,38.96319682007863,1
66.54353248451898,0.6064469695353396,52.97413446114492,57.832702169367295,70.33679325718514,7.049735155770616,0.26685267495584186,641.3094351214813,11222.169572567145,61.860930208759356,2
112.62415671910595,0.9213690687602103,71.49704307771673,89.89631264690152,91.09017909228722,0.0,0.09858247898421614,234.22873625179238,4355.947401342117,17.542676588135656,0
55.25512115403965,0.7218833869724931,,78.65521696307833,69.51057247135965,0.0,0.1875653387674586,418.4768650249024,6226.7752901555805,40.69876375979523,1
30.769509323387357,0.4433427219203854,31.102345269532073,36.639206863816995,37.2401785689325,7.057346992859214,0.6283814288876081,696.3537885033163,13794.388971474833,89.61330713035422,3
45.400883196350385,0.3385487014424737,20.75276510113125,31.796102041062902,27.51311514571411,7.013753496841063,0.593199386089142,1699.9049254758065,16844.19305628746,85.12575769600315,3
64.24397141612307,0.7825738704198877,68.75899078295632,73.99383758731834,41.36968430843765,4.716237707687872,0.10956862073059064,242.17096238495895,5266.267909086476,27.511883289764228,1
55.34290479995032,0.7812151714914767,73.17338208558225,66.47754478855339,89.16796506085194,3.586965481229165,0.14274310711602145,383.3514415718454,5466.107345678968,56.77320381042222,1
74.98412958791913,0.5879641475666488,62.56503149361236,50.95293119160234,73.66854373499498,8.997182193671406,0.20500502031277335,710.2064501359494,11444.931056112766,61.79695381106207,2
101.09927149680063,0.9188093236300361,,95.9667088749613,95.11179895874061,1.0532787105648698,0.07647035483042157,257.3481434127585,3918.0492486394346,16.039600336919786,0
35.37216926704964,0.3174654745116938,42.24616047630531,34.34804907232406,47.820946110195614,10.0,0.6021513883500931,569.7353207929091,15199.691243935258,80.5140312689088,3
80.58870604931282,0.9948187267659705,64.75619080176818,89.8412792003923,86.10380652256903,1.9702157422712177,0.0973655347587215,195.1203054922793,2863.8029574991897,6.933158818975301,0
20.873616081877053,0.303385870485107,24.61255030234345,18.358496218865024,42.789781019156486,6.53763151817192,0.4395555968930191,544.2684126272309,18015.24441883307,85.7793729655821,3
45.53535733275838,0.9715602911288475,100.0,78.78337994952483,,0.0,0.07841850620762443,,3043.5106767817815,11.852028840681012,0
79.49758309372679,0.7546751446823188,72.33972756479363,70.30798285597095,72.0048325158437,4.7141629000013285,0.1729874012642641,365.7378870152287,5941.527044382064,41.22379118473118,1
68.52217195700426,0.7881900599551397,58.3969342649043,79.35160567278683,54.90568369243083,3.3023759409605438,0.16902107766994678,315.36016942223125,8114.058161573787,32.86229751937651,1
109.4480949131352,0.9661323337249538,82.93473169656222,82.1115216126803,80.77722547543559,1.1988956723491755,0.013077590492906997,223.0164195005591,3693.5158684898784,17.66011216136393,0
33.224327889223815,0.38747225831252297,31.657644215955173,39.27501250272038,31.031183785656275,7.8585422009579835,0.6372244355732428,,14257.995765568357,84.8166193336629,3
40.132050305479694,0.3905067288058601,34.34831412725407,30.845269512950956,40.072829870504194,7.788583838048624,0.5631695262139442,943.6625115531584,15232.70475576635,99.74497367570515,3
82.74771244075627,0.8104081021724184,85.60310246440665,71.11963171081072,85.08338270509267,7.6012531673799755,0.12656784655028375,392.99535562720354,7117.134774270931,33.12298394125963,1
46.73715514197458,0.7107475921347226,72.50225948541676,65.05754320908238,85.7260280971244,2.864663103149762,0.1201083488406046,560.8888093413138,5968.899171958406,26.577042832299313,1
83.41993066070948,0.9357027348560418,91.70550731250127,79.99503150155215,,0.0,0.07440753124602634,122.448690900834,5148.989285298564,22.878602251868827,0
18.45056158642366,0.38226453936465393,21.4152686602719,23.253898504303624,39.6470408281132,10.0,0.4615701780340927,1661.4552166234455,16118.314376674467,93.69572518653422,3
67.32175806278845,0.6586689655721951,55.50437118779013,61.4546698655934,37.21878581231701,6.902877533066952,0.279725792328815,708.4495401936485,11856.382538448126,48.81768060643969,2
81.48041800584058,0.8778370355175333,86.43921480741919,77.85324210215929,70.05899683459629,1.172561743990884,0.028284403452778807,,4041.9703839035346,16.71777288519968,0
58.59814352423942,0.7408576868894934,63.93695576825722,72.4083295029151,64.61685872697801,4.048030064029972,0.16543933648305748,171.67613653849605,6330.304570330042,39.68531256905124,1
44.22831462735745,0.6737701503602328,17.29703024138546,59.81215884073383,26.072047661102307,8.715176418553686,0.3165201873568999,732.9763203113288,9774.470298557553,48.70935578167698,2
53.91212546944866,0.5167979002778318,44.88410306980274,59.87489716968727,47.57212462662564,6.838692147322689,0.3341439051414096,546.5359319212382,7649.862156973439,58.052103787167646,2
70.28032202456775,0.7211061746238361,65.06175675885447,76.65596916842591,50.04039769230968,2.105400141030289,0.13424999930081374,403.00138426166245,6227.9246788431865,27.853358831590075,1
71.81670779082984,0.7367408568540484,69.31224829613305,57.663018881881946,52.37079825105617,1.988269238428842,0.16394684394921039,173.09227270475986,5342.168888940453,32.573335385728775,1
30.6315286630602,0.3372810828136222,28.579561443535606,43.617299811526436,41.77989379603304,10.0,0.44412097136510303,493.6885412722554,15619.209323031995,93.41041276961619,3
78.0632401523496,0.70857694817954,80.87899766525,93.4206780448434,70.23691451586059,2.1864750395845296,0.16095203113099243,338.8811497749714,5758.297608491586,30.08233387343797,1
67.45804684413532,0.7041227792244056,69.71555913273701,58.68108684827467,56.11817127851413,3.854852094663963,0.19816094273320145,486.38277286885494,5937.615975159521,51.5886969445533,1
33.57152360244702,0.4908757200441786,29.356371178460215,23.156956901394736,28.7680285966022,9.606120977317556,0.5801418589750822,752.5117940226278,11298.991340063856,97.7406358351615,3
77.56634607683117,0.8571024965990259,80.16564422009584,88.53950794376982,64.24157325144236,0.4464746316464445,0.019769982199538363,223.94119550039065,3213.2196305596276,20.32981859865913,0
24.17985757643982,0.4047396772542618,32.2414553441509,30.075873200050925,37.105638093519076,8.01638966839348,0.6020549582416327,1115.5165503813503,8503.65166548315,87.6264198787169,3
44.65205107013995,0.6636219569488335,32.68978454231151,71.32185666806379,63.02728382554922,0.6647405707871501,0.2383951011718476,732.4888524341349,6222.550329259705,56.99064707029867,2
101.44498584014994,0.9786701405923885,86.32088857468266,78.03133985546746,93.50908218838521,1.1230507865587795,0.018784899840673677,173.87395352951816,2720.9974568836597,12.969242917130982,0
35.63830017889625,0.32070871439055676,36.633297558199786,17.4751766687909,32.559601589681485,4.844387189480706,0.4052037780561154,1599.2500279539022,13995.011488584894,86.80496056078081,3
46.98137618407216,0.6616029498125566,54.15678045758553,43.554852808404505,38.085413435108705,6.1581405364176565,0.35156925858649424,,10434.841142368672,54.03675310908079,2
62.272635555714004,0.614764813837788,,71.84810310984808,48.4769927188752,4.200644635433993,0.3233175676142493,514.0966214358052,9787.354091039815,59.21247113755359,2
25.713471190814715,0.5814169945630769,34.22067695127029,63.53354922588203,75.14829758204594,1.3118422053012466,0.3484185185116489,698.2617026445789,10604.3872916553,70.17531423930626,2
84.3373017297023,0.8350564033521398,57.40180867316773,76.79949939089285,50.93846816755689,0.6698367228758904,0.13818576252218326,387.8967837697124,5930.642516149424,37.192041876335885,1
66.86543510515116,0.7032458987417746,,60.54938237244134,90.80875383950175,3.633755439738806,0.1746150503826788,429.4016399306631,5040.82921904768,24.553334693687567,1
92.5889674185851,0.7787763684901335,,67.27976285558597,44.05141453859811,3.321792854245877,0.1393663414055641,355.88748008038925,7349.204871669735,40.205124966282796,1
22.677600808518953,0.3024274916630401,47.46408890512518,33.601106914586545,37.95759510334828,9.439553038955397,0.6295570608943089,1212.7343168899852,14435.675678786836,68.64709729928447,3
74.90689769734375,0.801903818488247,52.42864531709031,63.04076901141411,69.7638677720105,4.457084834141314,0.17203242773264016,444.340568754222,6060.800968317069,40.02574774371437,1
37.80822403436977,0.3462873260926849,32.145351819852486,21.816904849145246,34.54341006788568,9.704579378905624,0.6425758508287294,959.3196280297351,15603.309794775625,96.72967699164266,3
25.951387711401285,0.46895807205791235,34.35436103412768,41.74645339546364,,6.0452334995307275,0.4930005558346916,653.4730674495943,14842.054715981329,100.0,3
103.63584978772109,0.8727223169544938,79.37141005932162,60.066499515173156,63.53288657108247,0.0,0.07177779045978777,235.01049237593827,3256.9264440281936,15.530362881934192,0
70.06792251251105,0.7922576748292847,74.20348769268011,70.71447923477193,74.48044993481899,2.3771591561087684,0.10603658435150574,570.6379780782408,6220.510957909862,35.80319572625212,1
41.78341478242151,0.5935628592361943,,31.73380506516169,66.0077295816496,2.09029584173771,0.2475848324489967,600.0809043943318,10646.665917275042,58.95448611431473,2
36.95675343832986,0.37377692447480115,26.940450229409777,41.83830401130437,34.62840537519337,9.559545620806254,0.5889651111013599,1081.3676842597467,15330.518707666271,90.06534391385918,3
36.31482142740044,0.4471894403446445,37.43024137274843,35.4955522798255,44.029368724205305,5.5917705342089725,0.4634746403711474,1444.3709774870786,15408.947714866355,93.32945442825041,3
37.257197554054144,0.6105419140333396,44.59140588933048,32.916410337608596,37.74310778211752,5.244806839463079,0.20529090109608483,,10172.350306007209,61.27173919194286,2
38.42262677781436,0.45317046080740186,26.396068435404327,16.32467528627887,34.1164297753436,6.224241628927645,0.6334376983859564,1092.8666940301455,15031.505408814866,76.39476132018761,3
125.02615118827282,0.8509734282080496,76.04275211789447,86.19456673405787,94.27033966512737,1.2871608776027748,0.07388443674278884,182.16807529304782,5295.099521203544,29.7262314496755,0
48.76392219680098,0.5568687819639586,45.843043873264634,70.94718583848544,36.55852583216422,9.5158133797092,0.25999829411074227,722.4121566170908,11755.582497710078,47.277623727680364,2
102.6386979897956,0.9878085624000745,79.82473212107317,85.59856324345876,,1.6513459774516481,0.02923416773673211,169.34078333958635,3275.648360397892,11.136815551734498,0
57.277814505577254,0.831086085817775,76.79111755935878,72.2508975182917,62.88551251270639,2.3502871508450465,0.15755771256984202,605.6585820707596,6089.82967238368,41.56116201860271,1
74.90583661379348,0.7166114680286778,50.52938136156541,58.87231295283232,59.94564129325826,1.6482675729915681,0.10318417445480979,376.0246675235859,7591.970233045215,51.01992654613413,1
28.548127661840322,0.32590532198007044,35.197564224716615,40.32519992467128,,5.790260826428982,0.6899844976792642,1388.544563258603,14914.055992896147,76.61342362479415,3
78.95760837553411,0.7845367514164823,87.27205000208936,59.1686413297094,83.87473781298702,4.31944394488397,0.1308865201012158,365.15168005771307,8388.923991834692,39.174470344108,1
58.519738168827715,0.5926459274818058,55.88352752355864,34.016868152101694,52.936309529374924,4.1206293676373935,0.2929443912397499,545.132888204699,9959.690177731805,51.16077050171654,2
24.599833175197624,0.6794677931137537,33.55722181229794,40.07910319900378,44.96565834208504,5.035714777990601,0.2286591982861869,676.0748638823331,8928.291421181155,67.68194128105849,2
89.41820542000315,0.8867217596926203,69.09459339932211,75.80572639203466,79.69121892932777,0.006018619389209667,0.04408215969997021,246.21786840130028,4468.650397680667,12.518970621292462,0
47.91052396837164,0.3395535255235037,37.35654046283124,30.335108183308456,49.36753263530426,9.592525599053827,0.49619941786685495,1049.894952812537,15534.640025078152,91.6988449021574,3
39.749215267363255,0.606092600008163,41.88751157451055,45.492276267066266,69.14073761892132,6.136265111398698,0.3415076979229348,588.4072143800557,13554.080663796885,53.17064893684814,2
45.32113264908475,0.583721037134383,30.61323739893258,51.04368781869418,48.59156764817402,4.396332826160457,0.38863261049208786,614.1641069572139,12181.666735661342,52.246209703273934,2
83.78574291174465,0.9089869697188057,95.13812498917788,77.40581817086583,81.42891881869531,0.0,0.04268155985614649,243.0342710684315,3261.693982174215,10.81830731751856,0
70.44992456513489,0.7707373894141348,73.97578749261382,77.40888510241594,88.34237058484155,2.9237998223503285,0.18258534343389649,345.64178564531903,5513.068470785242,19.592421916846376,1
29.71439288677248,0.4103580127158991,34.18565716441686,25.999607523621496,49.416533909405054,10.0,0.4751504274087819,766.9413704135824,13570.794792881004,88.09278385126694,3
94.02746553440635,0.8879254304612185,81.34972889114793,100.0,65.62883434664752,0.0,0.04010015681904923,179.89557866260745,4310.854957031655,14.4481762035407,0
63.316355288842836,0.7235773707412559,58.760235130450255,55.40028285351191,69.74675530127321,1.4121659364835666,0.1276410541093675,246.2973998872071,8655.36478568698,25.34332086152769,1
67.22181776575917,0.7170190752287153,72.81439137520167,71.64330140161725,61.52946469003082,1.7302380633446812,0.16796758674906398,543.3274570626878,6795.283718276156,36.55246052058279,1
67.8408627243032,0.7446579772087775,45.56900977933941,74.87285898352062,72.4550764334458,2.5456726831797285,0.12990802116554115,293.77596826567157,6457.7423110490245,37.93157225322968,1
79.42861586654008,0.7484633120941828,64.44559178175942,64.6777070223952,68.0333963556325,5.390285997914223,0.17735191902421032,464.05066819570925,6239.542613269863,23.42287076058731,1
75.54379916508887,0.97763594832265,80.04671960282509,84.62962819400866,69.67404470725444,0.9887870118177101,0.09868102468185797,123.7192534977378,4525.517389743818,11.097976970356862,0
65.9707735799194,0.7977100538051375,66.95930486848347,42.787305182379455,99.20567212708043,0.016546398381236394,0.11804830080681328,403.0423680042477,5803.05567464994,41.533683837958854,1
68.77923801058378,0.7056027452223719,,70.01050703488745,46.07931393185771,3.9431314717917694,0.13976811351450344,470.32182548567437,6751.912747340375,23.798011985588204,1
86.16093411822376,0.9900931197692857,79.15283524347512,81.43536586196957,74.85108018835489,1.7611710130736653,0.019428243358464825,233.59381582462993,3799.3355474495097,20.79333511670651,0
77.09970632153386,0.8334996223871698,59.654514219849865,69.5074265123228,63.94151633703379,4.283602877964286,0.13681335899811384,391.24464535465603,6223.440746662566,30.827346346776064,1
42.384964825879486,0.3872098441243782,27.102686828188457,39.989576540463794,24.208183238289244,7.1417010126667915,0.5638743902808665,808.4984293420337,15393.386591310462,73.87813698721442,3
73.88098696307405,0.8726774379005882,88.57726052884989,92.0486808179707,100.0,0.0,0.015358972420224663,270.99222436865267,4357.0915332464165,6.966986323209971,0
27.68362382286411,0.376235000193036,53.062348086116096,39.8854417936997,43.48196853017979,10.0,0.6566873698527631,1032.7980948887348,16590.15539712943,83.7703105336563,3
96.45569466585978,0.9838639266304059,92.22650550285296,100.0,93.63979647650655,0.16071046329152106,0.05787836199145007,123.57060088681665,5301.825432701964,15.37704564462333,0
38.64246248358077,0.30088032180075724,29.071201640487665,33.8048462911806,24.810154164445855,8.072132120764646,0.5139868375442226,784.6370921262612,13949.452492094877,81.63796263333236,3
48.57024784139073,0.5220886253882302,57.902477486659876,47.45294059128237,77.79260513161535,6.099988854240614,0.3491502659968554,681.9598427500907,9567.065652623209,45.49836832963298,2
76.73116534917284,0.757280762835175,85.1119726760276,74.19918393693331,89.25578781599829,1.6774892124627245,0.1895445313766708,375.2848342588208,7875.453773043309,21.337884090977738,1
88.71131949949009,0.7937109189859687,71.85623647644024,75.73121353194752,59.549428490518295,4.874102144716275,0.19967264010577332,359.9942566117474,6381.368013305512,25.976828454054573,1
50.74620654681087,0.514797776840381,41.41540609337577,49.03391515143128,52.81948729567837,6.979649909692997,0.37511133086992127,611.3683031780802,9671.443207766064,61.31551640177496,2
77.45152457010009,0.7365168451043117,63.13894514554044,84.32250965205925,75.21640972340337,4.330232568641074,0.19461737047963454,468.75507195924945,4908.752570885344,26.064190320219893,1
61.35477227587475,0.6290936851036335,45.078471098388775,50.552017537951826,47.84911071024344,5.338607709114452,0.3597356211815264,295.75904391318136,7819.464546646068,54.761568296866045,2
44.042690591778864,0.6660233822616245,34.23953413360382,57.54014071394489,56.54766529374277,1.2726689199917463,0.30562801145475077,559.9494357349453,11312.674103113017,58.75543370285578,2
50.23970901481565,0.5863108579906214,32.516792466427546,55.02139129301104,56.9090383101264,5.754971520310389,0.23848220757742788,452.0420893055117,8639.265351896409,59.48287209439729,2
31.29500349800318,0.49516637795654145,50.40099835949728,48.95367858073649,46.99080886744178,4.649838399076471,0.5318926961574539,878.6454746074915,13724.286614473149,77.30292900762144,3
63.89588251354671,0.9131844600528244,,84.10254663984885,95.14508595231014,0.9678194348709849,0.06846228501560551,212.9977653272116,3998.6518299103404,12.859273345035977,0
96.02545963899709,0.9784224358893912,82.75744557763254,93.69825681396013,71.50627038803982,0.5672923720629139,0.0715388342300024,229.34009253678275,3792.4404124288294,20.800412561993067,0
36.16001625601579,0.4988123966766221,35.59244845063665,49.53556660164694,43.2304162378738,8.315925395505921,0.6293948834771071,840.3574390114541,15293.993911053163,92.23070324135578,3
64.57995848444845,0.6935508646746242,45.34224878562942,40.47346770600529,33.08133089044921,4.489167399501884,0.3291067981760297,659.9669876425277,8775.414743343023,56.31196734811131,2
38.31040753386596,0.6428992305568699,53.48607761706644,40.38729500849525,56.624319833106604,5.835938727381683,0.3468894555597376,711.5045342260371,13529.18419707529,60.24479669851911,2
48.301584191196184,0.37802264268678665,,43.761852447427,38.71347514994636,7.275454033014773,0.5235293650679131,936.8927188669264,13327.531869112334,81.11588759011225,3
91.46541666816293,0.878066263437588,93.23193292882554,100.0,89.29499378986944,0.0,0.07611890480677576,,4171.261577307751,18.21139128335516,0
51.186376291086944,0.7264831288364261,48.935909156714175,80.91988417113429,78.83732816828297,3.8361840007090118,0.14637874557553532,449.63816465288454,5456.356061918732,24.85083429200916,1
62.2610319069525,0.7354370451572672,54.505689352014755,70.07004198440849,83.49580559544302,1.5468378923864867,0.16310141935045314,578.9698989596384,4848.56911504303,23.799148674744654,1
80.18238674311719,0.9052865040757206,100.0,73.0609755980045,71.27673682913567,0.39160168690219954,0.05520649678244053,281.99783409143305,3626.4520551842797,17.66813212408238,0
33.188065372657356,0.33738706900833526,32.87225736558359,45.5858155821993,47.352414442896226,8.41217396901,0.6910881198246257,1180.0195979057085,11536.340203146725,71.82200247891026,3
102.6765577837023,0.9017530999915699,63.06839308449584,88.52953084813753,80.47919655867504,0.6905289253005602,0.021138459947560993,206.77590013958977,3757.8948961951814,16.844586014541235,0
80.48022752541232,0.7541834102851429,59.63068497795272,77.72221213179931,63.53394788586506,2.88101070543568,0.1390289100839334,397.94205729091357,5399.35488292556,42.854825898295765,1
96.21796360245486,0.9119968842101666,80.24907208443801,83.40477951933877,74.49679656572168,0.6041696233300722,0.05335189917953842,232.4273373816499,4318.069824773029,15.826923845119316,0
33.66103865114293,0.30815465486827426,32.7477914223917,25.617853438999255,53.04774334043409,9.8746919561914,0.4517757382147816,541.0922688995037,13095.318343732844,59.2170714985947,3
35.33531306532281,0.3860785236032151,,33.99777890309935,37.47397312378841,8.765479237416905,0.45977256357538543,1282.94776030005,14054.357050763945,96.33688498098509,3
22.820874307395577,0.4934031977597946,41.04399969052122,46.829692544267786,47.20258658832775,10.0,0.4773392986492378,643.7179397422751,15706.604212844446,75.25832571827777,3
24.872994627580344,0.3887867299406225,15.350879900304069,40.922402630092215,48.80375423054577,9.240009977801506,0.4779749421573171,1308.2658141025472,11617.296261130907,95.90472169056994,3
54.08974304265196,0.7235250549844544,55.20436980223506,62.9655733767126,74.16246958650798,4.67287573992267,0.11580613002916494,370.60047913964314,7698.951135038034,42.9068621002584,1
25.052436328407964,0.34489610024654566,28.812527831152643,28.88547015817741,45.309329863493765,6.469457741844265,0.4712697530150455,1244.3606379085973,10240.265094123999,76.7169746042311,3
63.870537286089004,0.7636565150520817,56.08309277110207,43.91978704125173,80.90095818573022,0.03898829660153735,0.16475784908068591,285.60664294024735,6496.918516372113,40.27438651859997,1
38.511525639011936,0.5676231543319126,37.79370701998842,43.11035244146501,50.88934577500757,7.337455501802561,0.34279108464841035,412.21166092898216,12997.028453962595,53.42041872334489,2
31.0956219106786,0.4759533875819131,28.634249976601918,51.354590418998384,30.25467295905267,10.0,0.5640804557344632,991.6309318989972,15661.48958892954,84.63552679741963,3
29.448131390897764,0.46717026423599084,50.692396370566975,49.28755078615672,30.68401856471194,10.0,0.6040597370451712,1210.5646756177882,16579.52913158385,76.03666667028004,3
53.16032227280364,0.7919929590749695,81.16549579734948,88.88251504059662,65.49226479254303,6.077255206385846,0.15166763926053423,462.4953698064157,5586.749641058805,34.803192456717305,1
95.16232947935227,0.9459621568056519,98.97053091244425,86.43389746360458,89.3776954263351,1.8331604940258077,0.0558750435009833,319.92246427940347,4470.517908305824,10.036704922742093,0
99.45984672359894,0.8572226183759801,88.10640660356844,100.0,80.57579264535934,3.0001525124929094,0.08360866572314253,225.7728848962418,4811.124876781258,13.144679855495738,0
32.89819090714981,0.3759819089648241,37.546012270221695,43.829831631612734,59.45667502553276,6.381255117312366,0.4158350051547074,,11658.69156843656,97.3548376950307,3
49.89758101437203,0.5430260452849358,,71.673603787432,68.20794217059999,1.7262037412757163,0.3051785937158,648.3840743996329,7349.704310671676,68.18548716439999,2
35.51836611014886,0.3846236395095461,,42.39592654858697,36.95519182609692,10.0,0.6199834887602954,503.64688152617623,14963.227727187717,88.14762561455164,3
54.37338267843933,0.6653786467651179,20.2903381653099,47.81880539349184,47.6766122622657,6.977657116404029,0.2579916643607574,759.3983450414551,9949.3000363743,72.16165776782255,2
77.59410339025477,0.7210868692994623,63.133264346898,66.75026472636678,,3.7370477058489477,0.10059334967460565,340.0350488549068,6884.958237022833,38.49827912680088,1
41.173830473141265,0.4436720437828763,31.284498887225418,43.19603539558174,22.24327746498276,9.296156022427013,0.5269777428297487,,10929.34021183553,96.52250651872748,3
79.87840965341326,0.7125933554606352,59.7780736686828,76.7462743682229,57.8564891973119,1.4665355159280982,0.15772022361259574,341.57709068079146,9591.591468639155,25.31987035410719,1
38.557598177570675,0.43664166190951725,41.39050281774444,51.607632888779804,37.70694912467501,10.0,0.42287546930387604,1151.9395185784265,13221.40389505604,100.0,3
91.02899276721236,0.99334831378623,85.10146755075046,87.64361927958183,70.8530266668734,0.0,0.04971800011496143,149.82672871003547,2872.9019828632804,21.729375015888586,0
73.83352214603042,0.786721101064318,82.60432002434256,81.45495497327414,75.51545879837317,3.0012860013689466,0.15454742327381976,485.2199513095519,6655.002394385397,47.56878031674922,1
54.82239632098828,0.8263708192890037,69.0666261334487,67.00420401207052,77.33586250812333,2.2452054173739455,0.16120009375568684,387.94989417766755,5096.350119483384,45.56730430775678,1
63.06425023087439,0.5124501179882909,81.01827436358569,64.00554386500802,56.569269627330364,6.286404384992764,0.24813698184466818,376.71090330563953,10354.237074422372,75.35121739812652,2
80.71509365769928,0.7972176884531251,65.53896229665366,80.03841856696494,55.86095556979745,0.6479088608216266,0.14353976302115998,399.70848485852053,5545.267976087898,61.25305580268912,1
45.924356894625525,0.6938471994534218,45.80320479259342,40.01664810503828,70.0346679449639,6.186042576442864,0.33999188254276747,737.6398905389444,10687.19120726407,65.39654774345071,2
51.85300288986125,0.6363566242424691,51.367712303639735,52.80500022919833,,2.37916643328451,0.20243751020234851,528.9714927668704,9582.810513714854,73.4133006954968,2
64.9652027485724,0.7766495187901513,62.90223067355096,71.8968747650949,58.57670236860683,6.296225581581872,0.10289869300937582,520.1966634518293,7855.0543200889015,37.56719172795741,1
77.99594716638767,0.7055846802628437,68.7974975107981,73.76035781370123,80.96248352792387,5.012580433080172,0.16786270049882518,456.67603811176576,7575.510290555138,24.183489037359394,1
31.9408102587514,0.3892114451328882,34.39047196565218,26.067658853219697,30.934927145021895,4.06433975381484,0.5900015745527768,666.0201193622772,12891.568806310692,94.07979757805134,3
37.35421565929872,0.30318913729066216,31.689598214904727,44.39838154705305,32.340959890539516,8.454719840241657,0.5297844798616137,776.7269899133287,12499.886569061771,98.71098813911922,3
26.03135603740251,0.6945419947122773,56.58832919783249,33.979169905005556,59.703429179210175,7.118865690816152,0.30456550546218575,396.59815926008616,11426.889474064452,72.6552292141854,2
29.930924029740982,0.3898175914337154,37.05762134854737,26.309666744016575,39.0549345773092,8.643527118927803,0.4186672517956726,,14667.370876411042,84.8507462755704,3
75.06381835883498,0.9601485112327787,87.16798689554429,79.61497347777336,99.57728482157918,0.8208908491461945,0.08159058623598288,195.2295909116676,2711.351729147576,19.959268502539288,0
58.34139618985797,0.8313364550001572,86.55263323953581,71.3944206291497,68.46601382524014,2.471795676268437,0.1479169347395442,381.08196648410797,6350.420211417704,32.75079769064478,1
35.853245848236426,0.3325498215564761,35.15790824981607,36.764855383671055,38.31308965017873,8.407031207437097,0.6298529198409734,1232.9927468013368,15495.957605678574,97.26104585334069,3
51.58523602138381,0.6487776288237238,26.93443095988645,47.58847507738347,62.49690431777806,7.917900214900479,0.38746791262494,668.1497149728343,8399.297779425806,63.600164652382254,2
28.549437364301607,0.4908276158767618,39.60088810535021,31.319983487105553,47.85546319898028,9.166693899483041,0.6901363534764242,901.8588860085182,13746.330899878472,77.28109624814046,3
72.76795021534392,0.9304084531490631,98.0204055327222,95.05450335078079,83.20825324911503,0.689676084194603,0.07106878268116831,193.6421985271635,4814.1615154990905,4.807767375589137,0
75.0074687078209,0.8937221008868648,89.67548479823093,87.737919252862,73.56135495035568,0.08908193645296325,0.03679047814116734,249.67755136563284,3705.8002677282025,14.866268494135374,0
54.739908673552726,0.6322804066237566,53.26962379374199,29.645205714488224,31.435958513667146,4.655183628411469,0.36962725786063566,790.9365325871136,10039.797061376781,60.62431703327443,2
55.29315737439867,0.5169561247459509,35.92693040070968,67.51674453777895,76.77896722199618,6.1089207385928885,0.22741253919483592,729.2270832253184,8800.92078161905,61.51216221337547,2
45.42161685878305,0.6439522826038664,48.93561868288268,53.09859944367681,74.61530618595118,10.0,0.3915626365506716,695.9606260048342,10779.227599102347,67.53601109159814,2
21.63572282762305,0.3286751342136479,34.81080200078813,46.097525705490725,32.693904586185724,7.829250640054614,0.5928471064826295,1252.0826362029277,16936.794090583742,88.52422914384314,3
50.19826695208231,0.5179269089641656,46.95626446875351,50.55304185305222,64.19853702125397,5.154143309994542,0.3867315090816543,476.131931211824,11165.692095212255,57.76060575686726,2
37.473984388201295,0.5153622055279841,57.54154842389146,58.29549220225155,66.12050167611658,6.4628509366246165,0.3657389884488004,662.1302399145085,10964.479227886715,73.50993905727516,2
88.87485281187244,0.7125203942772935,68.65341774672356,48.34710733003509,56.48289923197195,1.9120717818343553,0.15273935140878472,445.32740421331755,5914.330456873125,61.90315007288694,1
48.642428225686814,0.45403190461723053,29.437581564320183,39.41694948195997,26.8350386069631,8.167174730768954,0.6096707715682429,1179.2081439198998,15319.763604747153,93.70060216907484,3
44.47932299449126,0.4465865244035045,22.773195759047997,24.55200075411816,40.193075292261305,5.637739073522701,0.5367182202040739,806.8383966674942,16326.129034124888,88.90192610605403,3
72.34265362742039,0.6178189351633162,53.65236975175987,50.11286223160319,55.38098509148551,4.966645785932062,0.24767848843780196,355.23969003334287,7348.506166047774,52.96343622684917,2
67.8706734373251,0.7692293437810077,52.169890968925024,61.41489375307906,63.55627531612425,0.9629849114377418,0.199178635528793,459.95786278137535,5530.708918723328,28.953191498725893,1
85.25130706987295,0.8646907548074284,78.18801216024283,88.21463087302983,96.82618248561668,0.41140501543772556,0.04433421639180046,,4116.188808884407,10.350760258036747,0
54.23083474423373,0.6501579349897015,48.78824403379619,39.92153450932857,57.81498960490416,4.98830866149409,0.27636781931222537,364.4645018877233,11921.760544984065,60.389158280173305,2
109.58794347897215,0.9288311096688574,85.4212580997853,86.68991431414331,69.99498869794736,2.476530037452702,0.07850903636489266,236.06858388943795,4566.46042255894,20.793774172549348,0
58.5509156724301,0.7468783406986459,68.26936294077029,51.428613839685354,79.08067833720283,3.7954385385989156,0.1965510824567933,436.1907836360988,5311.064739603398,16.5624704120737,1
54.48993194124285,0.6520774764361007,48.8157833262764,64.15008064285861,47.51348953770118,7.666606106680595,0.23544447666129395,564.5022141955031,10779.781447482432,42.109548457536775,2
87.01987088879577,0.9284788380413039,74.4999789783909,77.87400918088207,85.29106051299064,0.0,0.07715033714829127,185.32842988433438,3633.071888232614,7.433602654211139,0
39.28616124477221,0.4247814065715793,15.943385582496203,41.14598861722035,30.591779258079697,3.81669619327125,0.6429352080214941,1555.482723111835,14962.875638512316,81.83396557096926,3
39.69595565339047,0.42031241376438006,26.78812860785582,47.444919691701806,32.921437525950715,8.153159862406934,0.42695737540001405,1138.3684784496395,13122.693368518332,100.0,3
94.2162430880119,0.7747936694899424,65.93131776754831,80.16803590425093,73.46660752770188,0.5109563111553448,0.10035489918647714,257.64648590297685,5976.707489560155,35.85339775794894,1
39.546528094574576,0.45723368428987426,41.33656573476665,27.687621433275858,28.577597480155568,8.76327413540407,0.6715401624532558,1272.259690237809,16111.623576452454,78.30903239862286,3
66.1399102862054,0.6267946816880884,38.00469835607506,52.560247449018746,50.78742091033334,7.810385134743777,0.23101872125420048,792.2758542892942,9023.827658809992,45.11077743929423,2
105.18054690998346,0.9348208197325375,,84.83730239090336,86.58333832545415,0.4255975293950036,0.09700054000347638,141.16509071145467,4444.57606666669,11.88634709498126,0
65.30172568356645,0.8448533374840553,42.98421906204255,79.7155393367459,55.84807631958476,1.8293935834342334,0.15009968366121956,471.3597488557311,7639.00553392384,28.337366136392088,1
43.17163855469226,0.4507243761168718,26.26690969731718,45.9412841092093,39.60095688410948,8.319355523661642,0.5915876197307277,1306.437431204613,15457.787189792416,91.98399121329402,3
34.01581080921566,0.348764770520081,21.960953467651134,26.971308254708468,35.511428403252914,8.119820879368964,0.5190225913788219,1248.1674420621246,18398.545129208447,91.06237193496288,3
50.405001441800586,0.5163183260773854,19.83759658582831,45.046967573965844,40.795691895566485,10.0,0.3868153698542969,885.1247722598617,10397.017829372691,56.400944628167515,2
28.539219412304238,0.4964979663588124,14.452870954909539,36.14737494972061,27.935896660458713,7.411905372067543,0.5582577771023796,805.0438618654636,13684.360479406778,90.63409950822133,3
80.82643133458431,0.9427135934747486,86.02506144418435,77.50065086221748,64.021020063708,2.8652935992889788,0.011721371556135732,165.63227828208534,4849.179211979878,3.14557313346781,0
33.31686549985721,0.41823100092454785,32.589804967917736,37.59218747377652,46.3535181129914,7.145454836468927,0.5578428279067439,446.0735022842497,14296.772270573802,67.64266063052372,3
69.04181455355068,0.736082327232188,68.95420798739293,67.56784389914591,72.75392086460958,1.9360924242842263,0.16817359520656108,594.3584087377563,6451.264641909963,37.87919621246,1
71.46740840222782,0.8004618711138458,52.89248827730575,78.94808228168301,71.06269594078427,7.043233064203627,0.1596098527670096,305.0361254909243,7703.061138551287,31.933117844795,1
52.94781721351844,0.6767836792868557,,51.36195862805498,46.50247763189863,1.29303361273782,0.38125315851460995,577.690561827391,10722.728670635479,75.2085123206378,2
48.95359482207237,0.45851822803930886,27.56230563828677,44.28398791528025,39.80821374832858,3.497729551979811,0.43234710215558414,1352.8053075352186,16869.952625081158,78.23660284236455,3
84.37467502385621,0.9536084341343454,87.47691981532459,88.7344535544444,91.6181138345051,3.1191036023595675,0.01796101666169829,233.7124154212383,5280.454856072984,18.592451486585645,0
60.39580372485871,0.7688694861663155,71.25863505616904,70.10648150622895,96.35911325608217,1.7759369985170235,0.17322402502058892,,5483.606385205815,26.193935402183506,1
37.69252903074297,0.5542443040768237,40.971721060849205,56.94999668887765,60.32939711402098,4.927091769954131,0.3415784061395867,585.2953393080318,9749.956690937042,64.64263743235793,2
33.80834338882459,0.30374605841208396,24.1009019185339,29.395784075111738,38.21393564590109,2.876496875883963,0.5333155079914168,756.1232552921513,13651.695872790788,80.6899889416706,3
50.37307116253295,0.3846478882980373,36.659633461033195,35.688179400327165,,8.263241377977865,0.6969169397664144,126.45881658482028,11143.08074111447,92.74936107108475,3
35.195824767868736,0.39237289180003393,39.88000133127149,29.638133102292507,61.12393328314427,7.317202693732782,0.45221924122219254,991.0600071415536,16568.443093040758,84.52941459225613,3
31.589944875024745,0.4916596966142601,21.05502058028155,45.399351824494495,43.949217672080266,4.960464234379922,0.6505378490029612,1183.6470420866656,12237.15360510815,55.46176514599375,3
60.13511497336857,0.40288928562706194,36.06769553234464,32.35720602758823,40.476994708736285,10.0,0.4346409325533664,,17418.3505109883,100.0,3
43.069803887861696,0.4014005980992344,,42.877877486009645,42.297589919427544,6.079494151162076,0.6907349592822215,1053.614537300786,13551.311238745398,94.95954928226406,3
69.57760311472965,0.7094523086039215,,58.351986791406716,73.90394094866457,3.8377267811688496,0.18747265052212084,,6224.987510712572,37.315187720464614,1
46.483677223609114,0.6471480899786898,50.7450186780427,54.073971776443706,33.21555052363905,6.625626633487397,0.2702631090506351,406.28166532695536,8305.835135030788,65.95323287892664,2
94.63075230404976,0.9612674996334555,84.94823649770015,86.33633193188734,66.23011501911469,0.587473927462717,0.0639069972691488,319.04957446696704,3879.823293505306,8.339371173616763,0
95.08714338460034,0.7500399371263415,52.25121012767444,49.957861691005284,63.73826546417021,4.486494269587425,0.10460331361417186,368.09370802153,5747.082134418775,26.120370633983782,1
83.81142553299021,0.95873057585711,75.45257381602872,75.75440171795833,83.26822985110356,1.4328864946404487,0.08320738728887819,148.2201012610037,4991.954664898986,6.417512114280671,0
30.367093275956016,0.4416745992045452,25.0714231846646,41.59612124814877,47.984770104452465,9.038977748296025,0.40394001211298014,1388.1453072444178,12444.418508234177,86.24867610195479,3
46.471956483687514,0.5223719892692645,33.38612073874759,36.822014675805995,63.07473839558975,7.058420087822069,0.2934246185386279,555.6725560116722,12368.147806801187,52.740819140062214,2
79.71376057789485,0.9957215605405411,75.12392632587651,82.95750687920689,67.5813077757306,1.9936896763006375,0.034052227756394715,194.43227988072445,3781.403970463785,10.249122689651024,0
67.54335747805534,0.8226019485074184,69.17843682868985,78.93773259036112,53.24529537114207,1.5397112870288177,0.1714263462821849,382.484354564044,5844.514133484776,29.86200247291965,1
29.664510000272927,0.30199072514267283,11.657039233643339,26.911689098126402,54.0290478396219,7.311273338646279,0.6145846393981531,976.4839900811821,14418.73951538353,63.38944002650729,3
28.62994639113042,0.3180147725893782,47.24162336629953,35.064917587777686,40.781951316934254,6.476026707758336,0.5643147124537707,1491.416679511282,12169.894489590952,80.30042126826848,3
73.40875970011727,0.706722446600621,80.90063616674172,58.932111324787165,47.71250140679224,3.667083393111266,0.12621715517416154,132.0015514035531,6180.773679830162,44.01111781062171,1
72.64847068812328,0.7476964074169932,46.912164482751166,88.07901815360289,72.12557074980897,1.9977531138397087,0.16942771170796392,523.2536155000569,6421.3639293418055,40.63816559386504,1
42.56170696460942,0.31140131892993844,37.83205944307465,33.11169942757167,39.784738543111835,7.18653723696964,0.6793474273331866,604.2414841696602,10155.956656005057,73.71036734866834,3
50.299662953276794,0.5740458971649947,41.900915749736264,43.89235092867708,64.80683942797467,6.186133552563119,0.3317555356975409,701.3342846857354,11879.338704418724,54.15590225311761,2
93.42234962664087,0.785820662074803,69.31477565467426,83.73857948437768,77.977810307107,2.941927846580234,0.18790319718764711,270.506811465974,7872.0022398434985,47.150656055916386,1
65.80191023595695,0.5856269689422189,25.87363603779422,58.776128145279905,45.45888622433977,4.492491318865273,0.27366330112522513,608.2294930734213,10271.576295152825,64.69596483294401,2
27.283684224305812,0.4078178010413588,30.994392313893034,38.28732906874427,26.210834512826672,4.117253742034647,0.4444533190988421,1041.3275215522112,13135.392781598648,86.00762822901599,3
56.38575769320026,0.7658105811265618,66.68122049219787,67.8507573564082,91.13366136224388,3.6888642095689668,0.11867684162700089,327.92152031900116,6423.572159274456,52.09763251664573,1
35.25605176553024,0.3036652337090397,47.3500031468433,37.72943703202685,53.47159293408605,9.26018631626301,0.6177075546744237,1276.9100311707189,15079.123884338083,73.60713840789732,3
66.25021056211423,0.7513115193956605,71.80670953826069,71.56809879871143,80.75382928578266,3.779865108504878,0.19907621555393798,298.035466425496,7150.836742126173,42.25821148038797,1
90.46177763545737,0.8994741744137319,85.57812806581144,77.77198762902027,91.13795400212139,0.007439084607158364,0.09613958975704293,234.42182599373342,4351.100435341961,22.603320864905932,0
55.77698715423958,0.44010139913577606,31.409240973888277,41.04082184634717,33.97741822717954,7.901841591546362,0.6103201549329632,1190.7462709442855,15612.315701391517,97.2872805522892,3
51.08284607268908,0.668911275142432,51.1483648498527,54.440659779233606,60.766002797627905,6.920689609651288,0.3417410401098006,656.9415084621721,8536.401525953395,58.1859396528281,2
46.30868330918173,0.34053438126146096,30.060878229310283,44.53599132425826,53.33669741147955,8.673622544774929,0.5141333355297883,1325.2483050864598,14376.700307200594,81.03916033920731,3
92.1731466383761,0.9738155373407498,66.67040451393933,75.44598134893448,72.1979327349661,0.0,0.01999417485627085,203.37350126286114,4585.17483822794,13.265132734474413,0
90.42095591988246,0.8706678281012645,77.45750525808863,83.82170282406746,74.61691254259925,0.13550838824336253,0.038199504893618404,213.67038948751969,3075.0892764068553,13.599878835391152,0
79.73365793455609,0.8871845459126313,86.8975060377393,76.33663382812138,82.74728292675532,1.423932311613548,0.08340543238123249,228.5765348450371,5084.545126217852,9.40304560127045,0
33.64181288272172,0.7615458420339872,60.42336361295453,42.41276993004738,71.19814081405337,3.8160224074596196,0.18828853066451842,436.15990341455023,6735.054831544761,32.74018454655938,1
43.19373702004699,0.310593281121942,40.035745829544176,28.49246355195634,50.97662811596601,5.06788065920346,0.598035833278939,1147.73120174625,14397.108872842951,72.84062182024098,3
104.5574986203472,0.9506286554996043,76.17937001452333,93.0633201905893,87.191260050473,1.680176080063276,0.04956953791335316,252.87265697170966,4082.2299456433816,16.50965842559352,0
91.01840131610895,0.8768080193808846,81.255443127149,89.25373106798989,98.14838956845523,0.0,0.03969370187582274,169.33730926749644,3651.996480603264,22.25170129379531,0
92.7429062931847,0.8153093842018122,90.00004936646557,79.18516875082115,87.3420362296846,4.45256274953022,0.1622578490221299,387.3897583441842,6539.612607336085,32.319674126723896,1
34.80834185155113,0.3565311305514689,44.70712134393772,40.513654957192614,50.25406725141989,4.861055093896364,0.4156471692559988,1088.8400769656814,12848.305519996522,99.50799466308739,3
69.96777713591432,0.810089008544873,48.30844274911495,78.39101306594517,80.0946994070454,2.0012236159745185,0.1590012468273696,341.1315356495765,5560.223496311379,46.38281444889579,1
43.04158561341626,0.5295447056794264,52.88605191885129,33.20573380615287,,5.978197605801239,0.21938168693556223,745.5950508917165,8055.640164302345,61.36311295563668,2
65.24983342145775,0.8246580161346007,93.29965792920284,82.55978033010135,58.571082339185764,1.8238479397475884,0.13016035662971648,233.69444851194808,7971.457635406384,37.43986187997647,1
27.588988567546263,0.3310740711873664,,25.428574359190346,46.87547714621224,10.0,0.6014600587163886,875.7367657217402,12223.703984065689,84.48286888691955,3
46.04857934313619,0.6843595513007017,47.488945962638034,28.778665873255292,45.197246941862325,8.497182272498705,0.3318959356573572,578.1982028268392,10683.70926243127,53.59769504531986,2
68.1614594045077,0.7629542385249395,63.97015546836411,95.9905568966943,67.58487750707948,5.645228411126617,0.12873799152555684,495.9496076599441,6184.1264073038255,20.252214587616052,1
41.19736932079736,0.4559522110558244,24.604101506325414,28.66067878640095,31.491136999722098,9.658584222683764,0.4515448534903831,510.4388250601055,14520.909423343106,78.15953969620958,3
60.75799851524271,0.9082611750807927,81.56365821111696,72.32211435738346,100.0,1.8640580536141789,0.05213655064258905,229.17024578990953,4612.68911502144,20.86447139315739,0
74.58108709817296,0.8158339560078519,60.12582181110079,58.03490650881585,,1.1674955966351783,0.11280785089848794,401.3830199723697,5692.983411051496,32.17687958075071,1
77.4970415927398,0.7500930284934084,70.3195765280025,82.04562267562639,83.55599176447616,5.0948873437833715,0.19461962839485655,431.91208418685414,7742.547867166244,47.23579659759274,1
46.40113406866753,0.40490378853116193,27.73234644253447,29.05312590699508,45.155156340150924,5.993311872507826,0.5809846958351765,,11024.017042343181,72.36128439266284,3
52.39482435503086,0.5110758268295916,,59.80338670217763,52.47030010592547,10.0,0.39343281102721045,684.9086188248101,9360.86514784842,51.820627095735176,2
33.922986857509386,0.419700682810336,18.764942804364757,23.52350097225682,25.55778679743259,9.55028910122286,0.40291928804665694,1257.5808869873497,16527.563920631277,68.86098544521008,3
45.15223006394422,0.6952831248547657,52.109381976877756,40.418991863378054,49.983607663778336,4.255165694761239,0.2884055216860848,566.9156198386515,7983.441201991625,62.043198839883196,2
50.220807904027446,0.5450724850640647,46.55226733481256,45.9887969382909,79.85359112512921,3.82329109785399,0.36114716437528166,599.7346465711138,8430.343905758871,63.15719422296524,2
37.21962731450271,0.37455540915785734,33.54234204885243,22.011303314921292,37.81341142748235,10.0,0.5300026091104969,1048.6257077940327,15913.56705063124,68.8237854137385,3
75.97084146352583,0.7806018382619501,71.1680392320007,53.93580710145395,67.58222142671025,4.54378588530537,0.14537489539375514,327.02125125114736,8604.26650024173,36.25408679475844,1
92.21028856032,0.8099971991898859,84.77387485182747,54.700490459414254,74.0906261093692,5.289468743529223,0.15395035904500062,382.47566370356884,5804.709567293743,16.357301627435277,1
27.739742317886524,0.3465187197951518,41.139004031504136,30.488668243086313,37.93514023533936,7.062840580899366,0.686644268434249,397.63042787077984,15459.898668906946,82.08978526914706,3
72.63973045712027,0.7066498376203422,64.6466120486387,52.086518552456674,88.34669417602456,1.5417665199077366,0.1511160596041317,502.86987158898995,5462.781313778094,59.18355753572451,1
54.93280163119678,0.9783201293674157,71.29435316867672,85.2141062840429,94.20873937290179,0.0,0.09947564125135609,191.98846082672404,4233.719674670532,10.376779907759843,0
42.87653526581961,0.3233624633624245,23.02263729123087,32.268265017106884,43.33837619077364,9.019650363214637,0.6272610360391687,1030.2207424364035,18287.614591670197,80.62177877138348,3
56.83198808919554,0.6384510779191809,39.11087022376775,38.948269189809444,,3.734196214516333,0.3400770266286587,425.06576580069634,8885.862971557348,65.76561120508994,2
51.987505506120364,0.5315180644312937,38.97942638384201,37.08156732489189,62.992298266539265,7.6441235686120335,0.3850903184557066,439.38684354922464,11371.84193961782,65.60280893678954,2
84.913384015418,0.8251010369610079,47.63198172972082,79.71682899753753,70.88133081908626,3.6977309922403783,0.14038871173236048,269.9817756690293,6896.724837697155,48.59718213000896,1
31.548652953673194,0.4216202373704183,23.75448074548167,51.28710914800604,45.791629425114344,7.966249988551294,0.6198057074190404,936.1930797084643,13523.62417845172,82.50227387959616,3
96.60985143844111,0.9441122666905443,69.55528377928047,97.97753711787242,79.1019123664809,1.2661150248621453,0.08230812121883466,212.6328172849462,2098.277544593491,13.802378415444657,0
65.50498355469182,0.8712774732878863,75.63520201503584,97.565166360057,88.2130726405247,1.66013157945084,0.06613497723512651,224.14649725887932,4263.7410321866755,17.365226364190004,0
53.14454529107403,0.6222413503716386,35.805405894325105,49.140056843546866,58.174487388834024,5.958003487331448,0.3703672517523801,634.7550929667533,10102.116920635795,44.94928125746196,2
45.84022454965449,0.6236101616670744,43.51181726298343,44.44364111823984,53.76475289825081,3.7140718921628846,0.27139636117555155,869.5130198139736,10577.697630514836,61.66793664530993,2
86.09446316692059,0.8889048731751242,92.53794989692156,77.41482203617203,95.79267152251553,0.5509598072675195,0.07317503421171294,245.26615480376427,3897.105867845896,12.549163423117198,0
97.60249197975992,0.9737254415730637,84.52979933181611,100.0,78.46848585619418,0.8157540211459525,0.055320269169297026,233.3677642227339,4109.045212180876,20.009352067705443,0
31.941414748611887,0.4006808217688923,35.126386743206155,44.55018926610867,27.453655150161293,5.861764678602357,0.6272025342017653,868.5944314620737,14078.186820386993,78.72963490850155,3
42.78607748113531,0.3447350424109878,36.56883612124366,22.250193152359174,35.91000820773402,4.941144559934621,0.4995930856483699,1072.7388915168133,14695.700297667021,70.09507134263106,3
60.80035028220924,0.6498209922799495,49.279208703087114,32.16676514811424,63.173763574785916,4.41413740726233,0.3558976692943068,699.7029075393252,10782.757528783457,64.76613507019815,2
46.297397988842306,0.6772522769059626,38.22337035702003,53.96091004859772,78.74452821085623,3.219635029217434,0.3554457040003316,630.123643451171,8567.56878486829,66.7102601138885,2
19.822569909509713,0.3506696728945718,15.945646509576466,38.56924590369813,51.709307785954145,7.97243317602654,0.4256398068895443,765.2987586800742,12923.230480061911,81.27743479874295,3
48.885051719908205,0.6354643175922948,59.77168555896387,58.604009567555536,64.71232086412601,6.592024106276288,0.3070795054850954,692.1158707934526,9412.619392789518,68.95850880102806,2
74.59448587885203,0.7970409173620957,75.89799488089437,74.07837559941646,76.82970681745505,3.091773310716369,0.16856766363336942,401.65044553111284,6280.999896494748,23.84579996469794,1
46.70043788317308,0.7412117548660034,56.111390362980636,71.40105781406182,76.79684663065729,2.031281320862999,0.1186500583404804,,5874.917377797056,33.65846673007594,1
30.27003760357229,0.30101342289945243,,49.00672857320022,27.66182198225972,9.909284244212825,0.614981882669515,857.2612165874182,16894.89294024395,76.74787124454284,3
50.14608112545223,0.5601253813077297,56.756258415973804,63.63556544275729,43.51601817591682,6.385643100723866,0.29539357821918893,579.1805398581696,6631.443757095264,59.62113298978158,2
98.3257925009257,0.9270085110292271,91.03602510952588,82.71678108645553,60.36172188320281,2.368408018558675,0.05423087292112468,250.77974048755524,4808.532944802773,12.433016596119693,0
69.10114969149286,0.8023867205635123,81.96775836845778,60.492784168435435,62.71827799029735,2.9910953602967925,0.16168498512759222,475.40858050384986,6266.219949165295,53.6803292495911,1
55.227944583177404,0.5067643283438399,,69.04999840410247,48.30115679699018,5.626704124516822,0.3884293206132391,473.2126494514402,10432.699151618019,59.6208532186723,2
57.31511607101179,0.49416948029700186,19.0566678540011,41.930562918590105,38.4350360942831,9.77808354346873,0.6442681984219212,1316.5163646827655,13385.150026368763,75.40027480855959,3
39.76109768343311,0.5044032231334237,41.175462918828515,51.84645856993256,37.448392565211705,6.587752423700293,0.24953737568932027,57.06942450473821,11850.065306128721,70.36385908587025,2
103.63555455455212,0.8916009876908408,83.75395205978504,86.17623984074842,97.88356270003158,0.0,0.06868997714968554,155.79454294850393,3971.658014047665,14.282883917705355,0
80.43168765739242,0.9080037241958182,78.42901742810403,80.36953739974948,94.83482148711848,1.1114323327243119,0.05003226919329698,190.99044051680497,4671.0527572433575,20.73760308316121,0
84.52436206595911,0.8518147032547678,80.85849385021532,70.48126383126831,82.31443611797758,1.8945914825692303,0.09410101180865034,265.5740409480147,3160.9007084738723,17.5011917534912,0
33.37082628303907,0.36555721383235135,31.737629789309494,47.744968452080265,32.31858606506812,9.530247947887412,0.4076322703397318,1035.512765599716,11894.759589525,97.22194180106796,3
90.64054598899271,0.8802844084199335,70.69709429770144,68.50084607972246,69.71297719458872,0.5549965174622653,0.010393631119088156,209.6904504165559,4034.2920489609046,12.493810212499609,0
71.71652420616765,0.7072788927365039,76.21303309136725,65.63080107808355,50.99918946802639,0.038982067431026834,0.1467658124188041,333.08572493326665,8468.66446087855,25.62586211563687,1
83.71444104708989,0.9885769936289044,79.09362400702614,87.77453257655921,81.84258265112206,1.2075196377161215,0.07757899988630408,181.5833644980412,3777.310429998709,7.029118373661982,0
73.73367681503778,0.8385932364737395,56.07853783783232,73.90672488531189,52.94968575330768,2.2144879679167273,0.128700017907897,194.96278836392898,6034.156845848502,34.30544862148981,1
37.47969054740222,0.4078749117648055,17.666612185859737,24.60936945520948,22.448341200100195,7.4350445784335495,0.45401496999003566,1357.2098852665013,14468.694279603731,88.4444494435058,3
99.83195939587945,0.906723095192554,71.6225937785996,70.30759419259628,91.42505324981929,0.0,0.014587486193700094,238.37195635005946,4542.033430453023,24.309574390750864,0
31.389550205302495,0.334593904920615,29.034490233323726,41.51114250831197,34.04850221733551,8.658342044530002,0.48071006463277327,720.1154589480939,12954.374149520265,81.49326606341404,3
38.76320179043861,0.66042328943258,44.17322554904683,43.516588158560054,52.89841893232788,7.344335164504697,0.3803976188586312,724.1271322096815,9544.845792842096,44.38121428275569,2
33.248823053563044,0.44297408213547707,36.71241941189551,36.336932793799804,44.79828371519489,7.4569776337922296,0.6996082759091329,1091.7880073313509,16623.121511246332,90.76228719595626,3
28.19362783859009,0.40837619075453624,23.627112719416058,41.89884931576013,36.15243996789288,7.827085158853992,0.6286602318778247,833.3895229531361,15071.071417747908,83.97733649782407,3
94.50859660213929,0.9807395726427341,,70.28020722970571,74.93291933934317,0.5096434034753168,0.09927607337228368,158.01012963256494,3514.3810815431552,0.0,0
73.382012315976,0.8997975091814933,81.0567853810246,100.0,85.63923479695273,3.7169530343388417,0.02250513423484736,103.88429062635835,5722.561318705236,18.160758148453866,0
110.88505473288036,0.8979504206851885,73.88648187511725,83.7884195080929,91.38638294536209,0.6207540922287407,0.013415543763479334,185.94029939012853,3792.438211602236,20.98711599902454,0
41.33043602546671,0.6842734805399037,24.703715851763032,44.187608029738556,55.920054467376616,2.8312331466666483,0.393098187687557,337.78987921293214,12399.599546515796,72.32728342068285,2
58.50857680099091,0.6748091828682328,54.85271789069345,58.756049308219175,54.90620899491305,3.6003876519022198,0.3161134047181575,740.4506071243995,9460.439978841645,67.90641583887673,2
60.47441500439143,0.8343825755601321,59.09854411824833,84.37290323952605,75.27789144169863,0.7704700471401402,0.13375488131003255,424.06898222938776,6774.126357474159,34.22819723886304,1
34.72190852876713,0.34486943727435293,22.57349129029252,35.685448893124835,35.14648689214429,7.4966210184618935,0.6578585863339168,1256.999535960822,14655.109546497904,100.0,3
39.023951393412126,0.4602624529710946,38.589250789819,30.14231645603376,45.628109699500875,5.742607332786248,0.5749961434731312,1169.290405342572,13699.38891625145,77.74382543436712,3
35.44894882119035,0.3645719888338905,34.252130323101774,40.55852914338475,29.699241175189123,10.0,0.5139715565854679,,16273.85829737851,97.14884030183035,3
93.60399161241956,0.8929955279272391,94.84027102237884,90.91624723284659,98.64599770754815,2.0820841971530326,0.08944631550840203,206.6992111971661,4344.484333885861,0.31899528110942477,0
38.0507099166382,0.3253051352631156,39.33558011714399,38.608349069967126,33.22976714919274,10.0,0.5115547908111877,999.9604941319186,17672.248813175574,100.0,3
32.42438834979784,0.4015076650184151,23.302614163760342,41.56782049459933,21.04253856587423,8.029334745371198,0.5103954720813124,798.4859029367753,9194.029658064952,95.87940253268552,3
73.08108381020094,0.9886967068873621,94.26050144708718,86.07899698267437,79.78709798582746,0.0,0.05113227524328455,198.8677934931813,3651.3782031725423,22.285509131137026,0
65.18259492771462,0.5886791331666882,44.104034786329834,50.369053385530144,67.25679722658205,3.6466251568898933,0.2441291889357914,642.4724243277628,9349.525211312462,44.98163075370162,2
27.158289827401553,0.37680300594543686,23.587382148722032,51.36714636418425,52.12384452889752,3.9709248170286093,0.4725504984863397,891.7886498651279,13711.75818987264,96.52934176974773,3
44.409956801003624,0.6770107506059931,51.931175390668855,34.235608064789105,35.7669893500133,4.296614351157503,0.3950980996662112,569.9140750662402,9485.099780822313,51.110751909402296,2
30.65454826137676,0.3678884411474769,36.30044046958569,28.09179149564262,40.46383557916543,5.342712851545479,0.47189563990482847,829.3882880208839,15838.596526759558,70.5260390794106,3
48.971333938251085,0.6262998213346995,30.58258901655551,34.36981098703551,39.90591332793616,6.777170578065206,0.2538569039617419,861.9438300990137,11767.445260710037,71.4947706082853,2
101.30414140011092,0.912023693724052,,77.23010165749417,87.78175192036696,2.461242227246194,0.036232032168760336,204.76516995768088,4589.67367014015,11.827393382830293,0
70.83038114219067,0.7722558219766014,58.150652391882986,59.95778123815127,84.45917273619501,1.619414358246551,0.11930361622143211,416.6959614395794,5154.454200467135,53.47660002942449,1
34.50411285028635,0.47595904149869195,35.28706290904317,34.241384087624006,59.44048675687902,7.910697397742753,0.4207877948399927,758.8238967281736,16397.661326331698,76.66252759280884,3
99.52875279953385,0.905239035734512,83.00645266786957,80.90931413676624,82.63954519778196,0.4940936645692886,0.09801621522590541,,3799.0543729737383,20.94237483251762,0
92.56431324655244,0.9022133548377524,91.14346010764632,75.69688428854334,99.89288660032351,0.9345719055778126,0.05637658938683011,211.0161645845459,3737.3897503600783,22.696782613003467,0
65.99141615294361,0.8496846779131325,42.80156850070162,89.86082010191792,62.427769523519544,1.5199384714286368,0.10585071514494365,464.5734947084272,8422.924066524165,39.22143692195263,1
69.44876832642639,0.5105957586605194,60.32183245143444,42.86498225002805,59.51806817172913,3.6720642772176144,0.2577655560062156,688.1752682798684,10816.897584549988,61.3822523650184,2
47.32689625424329,0.5367895412321243,32.83227708011648,61.9846517338522,68.45291642138814,4.011788531538356,0.22003420144028665,869.4556162138015,9993.113400290953,68.83983160469668,2
33.393278759459776,0.3811050442915887,23.772329667275606,28.706960227566,40.763844075889466,9.949451201811456,0.5450407192970053,,14034.53591894181,74.02073636932954,3
37.1647194490862,0.606975763093518,52.81534239610896,44.76187395490979,77.64566751990729,6.92561291836371,0.21511701848108947,595.6977512044031,12521.918402216834,73.01096693465621,2
34.29627024606721,0.47358222634785224,40.82465731483069,44.989246031117105,26.98453616814654,8.855933346712947,0.5284752100779709,1107.470378204336,17786.766267104067,80.2302414004594,3
48.28727632653028,0.5912486051692589,37.07931959980503,61.65877811457279,51.25648824260577,4.779200332918621,0.2131675484328605,574.955036647693,9981.143623115997,54.80974281081851,2
78.14282061959182,0.7382803186023397,84.81007962441612,80.66802538747707,39.19255839754634,2.3700836406469508,0.16191515515743274,394.44094768007284,6784.322606898995,27.3784153697378,1
79.67523432104454,0.9199385111676059,,86.93586995065698,62.719729305797834,0.9479142383538828,0.04929681888047443,109.96412558142423,4404.558927691824,9.703296563625868,0
46.02802889720594,0.5994822758982852,20.057698594926347,38.03873341319755,95.61446631873578,5.926553724738449,0.3383804628167242,472.6464851876947,12378.17366090171,42.04386779357684,2
92.29522223486323,0.9847984575631669,93.75970076631774,88.56828498657961,81.25383849926826,1.2816017539623825,0.04758447225721572,202.30425067702322,4057.7398910533643,7.611139461233415,0
72.19160252859167,0.7490085524716897,51.13085532826239,50.531218038929175,73.4982184037252,2.4662717469926823,0.13653392636107006,417.9523301537462,8197.983456314863,39.044081540714174,1
36.90257316234074,0.35506897002768883,21.752737739927507,35.3008755704299,36.557969209766114,4.610498950294282,0.4216858697650951,1543.1604524054674,14417.440275378429,93.6341407156161,3
33.47335896491021,0.4213719407205895,34.62154284601775,41.00049437685379,43.94598935358264,7.352965113115221,0.5027626496978053,1758.1031254985814,13285.30348680011,93.01605159726371,3
28.43008643756413,0.33920584034070156,49.62680597254554,37.88158509066573,21.802613600878253,10.0,0.6790994299589365,786.3887541376803,16285.827569743047,79.72402657420949,3
40.87906378524421,0.393482100051493,18.75871438504462,41.814919405774155,44.90189274139816,7.602428037542936,0.6035589536310827,836.3033816912247,15509.179059903106,89.65384076819176,3
15.662899725906563,0.3319154465573427,30.41458936175955,46.70733958381379,43.65390784362143,8.862536883210112,0.4132468147335194,1231.1280315718961,11277.382246194915,79.16279354310574,3
80.59381261102025,0.8512078932437922,93.08524883968344,94.12749779913847,70.02742582026681,2.3554955328750076,0.059119973686504956,259.70740740065634,5027.008728682464,12.589378578392653,0
63.38677667773828,0.7208391219869293,59.00453764309351,68.64902242559263,35.59454124658666,4.1685443069695705,0.1172860524988727,489.5086836064334,7119.634221730671,58.803877461644895,1
51.2662710353645,0.5230867279967019,38.70418683889091,59.21676319477567,63.43284005931311,6.433121094276585,0.2632949063275717,556.8623778611855,9588.064627663813,58.622141388077196,2
50.73314325738769,0.6061274513331304,46.421081529088625,53.045297493301234,48.07414194932606,4.600129581467016,0.36849328144252513,565.2427549632882,8450.94712362391,53.461029057680356,2
74.76827353373947,0.7094723802860294,70.28864516323941,71.3559092118157,76.1079987370972,2.6445612900837814,0.19501683407630938,490.76118110467684,5751.605799244338,42.93639294330103,1
36.222731423702605,0.37171577442138237,31.98732521070171,37.84986498294112,40.56167256467118,7.49621449833514,0.5609862708564876,1380.3696385512658,12505.049920515901,79.90433497130168,3
70.94274326291185,0.7905842950217158,51.51434135952373,73.32712353239395,66.63276768304858,4.482073971920013,0.1502128095785625,260.5440486673925,6694.4161313458835,41.160257087476715,1
87.62505501794755,0.7482866145372732,78.22939843846171,72.51985832896595,89.85736919081363,3.5456169662404036,0.18685756320374539,450.9779130693784,6334.365314028298,26.399975248776983,1
101.62460617844688,0.9009355109207878,83.10611945077923,94.15739819157545,72.01889662301856,1.7317864863922185,0.09539207467098719,275.4773431306316,4326.925633883336,14.920670407732432,0
36.52412719098085,0.645999662197994,42.66037242076034,44.79450882946583,,5.539830476777288,0.3477142077269788,914.6315872570598,8497.04009817102,67.57754780208184,2
75.35625122360608,0.9012978707931977,83.07043111775835,89.46711899270916,80.93118163809294,1.3698406907530456,0.03175423588821862,139.72088244881223,3139.6780103559427,20.963031024886583,0
48.24560771294186,0.6570890061704479,41.30414526695208,53.32950200490122,48.09530944795424,4.639330977641869,0.3625460098863172,572.648945507457,7683.28083500812,64.44874916677124,2
104.4520986327395,0.8593037313029175,81.24053834163146,93.20903305435857,80.89028684815462,0.0,0.09192044793542026,110.14281661854477,5460.154995343219,12.34994620610017,0
97.38313252187172,0.8118420857764366,44.46266894762487,49.453691678531264,60.90519122143364,1.3596619715167677,0.1594598453948978,581.2356292509493,5361.490329756146,32.382123263759034,1
85.478507010571,0.7247856835315601,80.16995463307045,65.08115772646596,95.19592714558159,1.8828257248242735,0.15072136816780898,473.79349262621554,6303.099488709093,35.51076304465079,1
58.29836381367324,0.6455582977385793,54.25788461858751,67.61011230334019,40.48697598741893,2.485054755815382,0.31944253883719864,858.6031073348257,8278.560420885558,49.96212184536364,2
119.79973384928083,0.9899434063213117,85.38638937046511,97.85693270572077,86.98304227325974,2.755181004032714,0.06291480145494381,177.46467204113705,2401.5505534670256,13.910158075196353,0
89.91672694034715,0.9409933377714373,92.03650640605757,90.79212942436025,68.81555761295175,0.8202736352141974,0.0701527012556898,182.08109508838658,3702.926241984297,14.407328829855679,0
44.41239337362113,0.6548600235560301,56.46740146358688,44.040532888837646,54.657682502683066,3.386812787087381,0.33760742671062577,766.8091020049736,12378.293266826158,70.27191560040414,2
25.99887504135225,0.3917604630716584,23.548043006923905,23.75727642316056,46.34912921213656,9.747948952063428,0.6837215265968357,539.8241933391296,16310.050828880712,91.71259666077354,3
85.6536967134303,0.9184449462685833,81.81082176208686,74.531214972235,87.53849614155607,1.2584017155346332,0.0975095839279354,120.4904338372851,3931.0604067238,12.066921322201239,0
61.46991105513282,0.5743761009177182,56.79758282397446,51.521937798010846,71.61745008841947,6.266853829306908,0.3906135572540917,,9734.07050554535,53.91176837576635,2
102.46261551583953,0.967451280990724,93.85360282028272,100.0,73.06931570572387,0.36338237905588766,0.01426135642719124,163.62671468831638,3180.2140973470437,12.85698881525645,0
74.87547684643278,0.7932736129458662,62.629990787448556,76.13803598958752,86.05990042431534,0.816021682344505,0.10700352253311651,359.2798038255302,6811.206365822608,35.18796191985492,1
101.87590312600645,0.8922453690030185,73.75976713966648,75.03281589858352,86.09931717428117,2.3438214295481252,0.03184042152986241,121.33265251971301,4232.3399194706035,12.763774476063464,0
46.434903451071776,0.5880265409235339,55.082071778785625,43.40408496113619,57.12724183010135,6.200888993719562,0.3015640029381605,691.7453678247508,9929.160640897328,60.617882702296484,2
104.53985918340017,0.9196337749283798,76.18165442192641,68.09680974122799,,2.2115302123032055,0.09976100943551484,165.3151753767798,4685.11879429199,10.744426065828067,0
23.22596405835655,0.3438289936465161,34.170622013559026,30.94891508402798,24.46442777052158,8.973353372138439,0.6441748319698253,1180.2606741170523,15792.899931996117,85.39309198743466,3
117.5607217609809,0.9781878653214222,92.44841087498999,71.99066569235941,81.31704081530684,0.539406529673277,0.07455445202686024,137.93503636295216,3460.124736453355,21.281106722206793,0
57.70577786807245,0.5257136529205938,53.96654872234949,50.34862176111455,56.877230408311725,1.1905124069403827,0.3797345511127276,602.3872444576006,8943.815303249325,50.25115695360959,2
64.47463034212909,0.5436940862038927,57.57862566511463,56.94704970467046,68.83044412396391,4.912956494109834,0.26975811770640423,671.1905884552142,10180.830717049892,52.97167187064559,2
24.81905303038107,0.48935345709937783,26.93662482098409,20.60799327830874,42.50442593515953,5.401928727468877,0.5805429426570942,745.4337222956161,16607.87179283126,83.44073902517093,3
77.96963133879079,0.990371913772409,85.80037435558395,85.03275907102982,69.69934262952152,0.7238945520642432,0.04745688948403262,185.05080013140795,5156.886880770943,23.42532172666592,0
82.42594265843452,0.7848900623038071,57.552273747620916,57.14533256205338,54.35546449984351,4.97905316373444,0.12308117313599493,250.6757013249492,6632.405108641452,42.824660218746736,1
27.293975150608215,0.32351341409464557,39.609028030080886,32.71253484213219,54.06260179174236,9.462008490133712,0.5047312346348742,1034.0564489433825,14561.131165274828,68.00570480392481,3
64.47798196889734,0.7335539147147071,84.26865262957433,78.72528848218654,92.61351180710477,6.541951534181786,0.12082855860642337,402.5567818794591,6289.1466744473755,42.06896290918512,1
51.73757409073223,0.48532839350668905,38.5652282704143,58.60611797284627,31.683077106800326,3.1528343743375435,0.6536160842777385,1460.0868537198771,16978.856747654256,93.468537431799,3
84.26012366686216,0.7326736880992964,53.38041894670585,62.50813628082042,,3.044262886902093,0.19218958025766428,281.98583955382,7848.001645258647,46.41454578321271,1
55.988015867777875,0.7579101900177588,76.37063449388539,37.93942907939642,64.91180321395068,1.6543570492774833,0.10634495608766037,449.2715419461401,6168.856092236336,23.781711995874158,1
109.16127265388766,0.9378953768049844,84.11112755556253,72.31006940892426,85.40858744038928,1.9597296602772671,0.017907056589386308,178.30222514637612,4078.8006693774537,20.766638816984447,0
55.144259748052534,0.8177494260088329,83.72374122570525,78.0486198692293,68.50791395830707,3.723462636383667,0.10252914089896331,243.51455750445393,7191.485980593345,30.213078110608087,1
68.04721939822805,0.6291331822424688,38.617131220811586,44.725555443720694,48.22001172108198,4.560036524569975,0.33144263993369344,516.2414343821548,7813.7417917306275,77.25998002094337,2
73.05403387864952,0.7435300743259836,56.42394854359941,74.30704610647172,79.94827631110653,3.8283927387195456,0.11249039446271675,399.3321426947328,7198.595229826642,39.87086559115594,1
117.58652537854962,0.8606369966178986,,92.33248472563004,95.60371454946436,1.0629097305947846,0.07987307156191503,183.30839627699083,3498.3848683260853,28.766147554016037,0
33.79897869796609,0.3807767133772176,21.932666298059956,37.41779235806275,40.54743954538372,6.796011706232111,0.6381903178130908,1387.31566981073,17698.812981878265,73.67392709478746,3
40.92372747781379,0.5026050560625849,51.26343862014899,56.159550890440556,56.607283551166994,8.63740271153647,0.33455814189320604,676.4927500114031,12615.626737524697,59.78637627558523,2
43.00331794700296,0.5904345911180882,41.503094852463384,58.00953569301154,66.78147803882884,5.315991463448548,0.3030748661489351,769.281866629678,9909.577163365357,80.08909419096128,2
65.1262246092139,0.844604243624866,,59.22278554240309,93.82506935841026,3.3731073445928175,0.1645573636873171,373.3034053816438,6416.465863694053,12.167195424727698,1
47.292093371047315,0.5587493603251121,45.64112755531444,53.75136072175563,52.97640508369709,0.0,0.37682080458964223,839.6512495057474,11382.67162953484,56.45790238334551,2
54.121478900366974,0.5268739227784047,55.243217750153995,53.5492992339265,54.01692310184132,7.782679293689596,0.21864229415497394,545.890416263339,8181.11281732487,46.63277915853378,2
82.32940960455917,0.8515262503883901,92.87589931735518,100.0,64.61777411144513,2.4794614334697656,0.028744103914081214,242.50021339847964,4429.872232927964,14.792710188351071,0
93.81257257630344,0.8824277998568002,100.0,100.0,71.44121587250535,0.31295493404469144,0.046096237959110435,189.97531173217615,2629.767396489136,18.532603867103138,0
34.97022970759658,0.38096642679704507,26.460540996552474,15.276048053495892,22.660876030230256,8.673445963193,0.5569124003844617,400.8857690146075,14180.671911829955,86.74367587768303,3
42.36967534407443,0.5561721333358025,60.13484146215226,58.86027387011386,58.530460239155296,4.141870118212747,0.3812550479178707,344.0400884292827,9415.775227395507,74.98958462667531,2
97.0911487121619,0.9153429719154924,,85.37415310713463,74.15599332931075,1.3038877592858258,0.046442594203192515,192.5905354798179,5189.468880210668,12.768007505922423,0
68.36358999223762,0.8426598160216245,67.84117514008382,30.0305678272644,78.93307483299903,0.04456707592175402,0.15337014971765517,339.31147382828874,5996.57786436815,34.456591589633504,1
103.39789158381565,0.9645524650674591,83.7425114823804,88.95144333156907,75.41526215174338,0.0,0.05237194734422273,207.08558951587543,4749.934751421963,20.08321603657941,0
56.41637716322219,0.668524523495164,47.26282965450638,32.09847633803316,70.17153504538412,5.872751866295293,0.35041588750591585,470.12936061121763,8009.399850691265,53.30643903749705,2
52.06716715976103,0.6685254397725265,59.77851019603998,46.08950274020908,64.65293165108292,8.168430408282726,0.22664371880802467,827.8529358796471,10113.494956174896,64.24585096047144,2
59.59729718256023,0.6867797942607938,53.52579980238855,64.43641475179592,42.68588430443846,7.1895894131532145,0.3780832948310076,963.2197699442712,8173.009302795785,61.55658297671741,2
71.09527667399054,0.7676329287197655,50.50534614517977,65.73187183302346,66.76444033407084,5.92637125691074,0.1301757557250231,254.28273015790435,6429.41661853176,35.347692480944566,1
70.04706235004709,0.8485561784450818,78.6044604398307,58.40489934807965,80.01934067381649,0.4404372506977223,0.13440137082711892,302.66961083072226,6825.469947107093,49.769220222147,1
68.71841002699688,0.7389513183383424,,71.343721192969,74.59431475969595,0.0,0.1466119419267759,435.3679375891048,7208.468615175691,30.872807208052357,1
92.51344486947076,0.9489616642404191,92.9420019491121,77.62753329623976,81.30198007115715,0.8184305458068876,0.03924886686013776,201.78877426478925,3850.120283990936,17.078316862693033,0
111.07868128109492,0.9823173530791234,86.71722844640857,83.21635602786519,93.88988877442998,0.6551539664124435,0.07044989948233256,159.5119729200034,3380.966329699102,15.101359460611441,0
119.002395601811,0.9790892837073927,90.95465764704444,76.64761634874951,100.0,1.337194422508562,0.09934635740279382,168.81948046971792,5792.518702004345,14.604388888077457,0
56.739414409510545,0.6884401322953093,37.41088838752714,57.758975489914654,61.56700531680864,5.539094196556372,0.37749703734146717,528.5984999968723,9939.32602545188,71.84984447600316,2
25.573987001362887,0.3150640085089108,24.846958694798268,43.88356755351439,44.96400996978695,9.432814782598086,0.5997569632173632,1171.2563692345304,12244.029185992491,94.32828704092198,3
45.85294686140156,0.4040125150369227,28.512536728386287,37.90497612948358,48.94594866961507,7.1615793206286265,0.4449564761755883,1003.3997135103202,15534.539123503473,82.8452328383566,3
92.00034594172105,0.9950673426057042,100.0,74.21348007548916,89.99906759118504,0.7356877083237503,0.043444458937077074,,3225.538877738524,10.601968454180051,0
59.93355304541124,0.6338394898757601,,49.30494050020978,54.4190408894552,4.989159929890115,0.230192998626059,519.1030614583532,11559.89768118646,37.602083696338795,2
39.761479793560184,0.489417664950539,21.209814377060113,38.31760411187156,29.909638363315025,10.0,0.42157994544440974,889.9479046778583,12885.136366734198,75.57036627550237,3
26.449751548830715,0.40484154378953974,32.69481572451031,31.538556011979004,,10.0,0.5765822757081566,1257.9085153893298,11745.759641010445,93.55735320860842,3
38.34409761589001,0.6526379741438989,44.148964006281275,58.01850482250719,42.97600218188878,6.484131242708624,0.3999801954018464,605.8596766101036,10400.665404029312,65.20677767080073,2
67.31494233059117,0.7836814473803275,92.83896287183595,56.9716512160403,78.2768667858258,3.0916759540464254,0.1552186108934736,354.0524568047356,7237.37745802502,22.844567879489432,1
64.5815221102764,0.6272870689146961,61.78490554290393,36.512822782251575,41.97785137441462,4.031144158944888,0.250606308706428,644.8930721912309,11169.327216279315,47.71220649094986,2
32.56070585532327,0.365929299349545,28.445080457945426,43.68033454378448,52.33242982485753,10.0,0.45834466921913813,956.942599173113,11185.515673457865,100.0,3
69.96277552336812,0.5132091074612014,,53.86769903030794,44.65093936317464,3.5102568971090236,0.3070478673829467,611.9481335088798,9155.069900302264,62.068825297567905,2
51.11380874772707,0.761673495693296,69.98739898222512,50.96397909841731,77.54856105815833,3.6753324498341233,0.18465195318772368,510.9207982586731,5809.740197032477,41.882851084882326,1
77.59720754325103,0.995827491285789,90.89143505934987,73.92539219650229,84.56362162933794,2.8934523228245186,0.07181984067331587,268.44422926549663,5199.960223633843,12.35834555444788,0
106.96205299337012,0.883565885362781,100.0,98.65226067680167,81.94386012387452,0.718629464472757,0.022271841559968177,124.44532257737383,4948.166425175044,7.643941278604235,0
49.33824997888011,0.5247816061193893,50.36342981417292,42.86529950710733,74.86519697083743,4.313029007445845,0.36798079091131314,529.4889420288066,9735.603202288281,56.766463305612845,2
71.10344907162533,0.7451463273115613,,75.16026488980205,63.645339855804444,0.0,0.1561693374851475,,7040.85610957789,38.60860609565681,1
92.73039332995174,0.9794700943784742,83.08184641539148,71.24024814684202,84.86207053516874,1.2674330349504144,0.07495932495860286,172.56752189297498,5178.58391299546,6.218848827602116,0
71.42679200490024,0.8023872508213622,58.56656115540913,78.78331256149036,79.3725820324306,3.6694701472147164,0.1678326204631263,292.8980437468512,6344.209847368575,38.00968376642411,1
57.1829862018548,0.6450831261572902,50.65781573968823,56.34076661039235,43.062349103176956,8.285334997645082,0.27807887461388087,548.2709620360827,10994.81931879814,59.98428192626806,2
55.50279174049142,0.7371343100330148,62.49803362799962,61.25739778802965,71.31289524767529,0.33038923325570924,0.19792335938301958,369.1238208806617,5539.785653654657,50.76849825589217,1
89.30962025106459,0.9247735340551622,88.33813051763148,89.88399562362446,,2.7522111572056085,0.012347495801624964,,5864.721369059954,20.674621407995993,0
75.22048731474993,0.9409399095298557,78.17561951888732,93.05893460332126,82.54662954051231,1.3588285326452703,0.045551050301232736,187.66313597232624,3614.7647893202193,14.599314660600955,0
43.932047097724066,0.5660516496737711,53.30324045276586,34.86262417825064,31.523110585849167,6.221889596490669,0.3629025759232807,205.88627804515465,10856.326273192619,65.36487727121329,2
70.15500537815242,0.8484046963827794,,88.02633060577831,58.03399189300117,4.136587764608333,0.11671248615187994,327.25351935457206,7707.831311313465,30.94949047054447,1
57.22762571841235,0.6937746277365209,63.92697216420953,50.275863516235525,66.12036081260395,5.608251226993671,0.24608413307132493,724.5550432564235,11071.453993138903,48.28958960338184,2
59.996039475236714,0.7286553216640115,73.55309353694338,95.02393360861075,44.744084600329984,4.096439049470316,0.16398435062778965,420.54132704577506,7663.892784213405,40.93105399357739,1
83.96989578574932,0.8594043458329576,100.0,86.59770136111881,92.46481692973484,0.0,0.036122609817181614,135.25671741869013,2272.3771518051162,12.254727844205672,0
103.88804387740703,0.9293111517309669,86.31744184084977,77.03259776691881,65.57595992953169,1.5794330929655631,0.07706981140223662,231.36992428106703,4091.7468720620986,17.599145013355134,0
57.226860353313015,0.976685672150285,95.52546863634379,85.07255173636001,77.8616549394716,1.7056312338051303,0.013876068367548747,,4313.498410537748,16.632815079315275,0
102.11369724464785,0.9296730596348879,79.84544204146565,87.59737746657461,57.895595050572744,1.2528944168422003,0.09753575169006758,221.79731619496684,4601.005747721348,14.038484078591864,0
79.00329367985871,0.702752481468114,74.4309026736111,87.31940238938341,73.18982622579834,2.892539380663615,0.1607428760921151,256.81993939604354,6747.590480717873,29.439474425205965,1
109.12249167862325,0.9880428916954627,83.01143786749678,95.44585604541466,63.26840272397956,0.0,0.034080726077335664,268.82613298693343,4156.499024817225,10.173019204091498,0
95.01590626480142,0.9244562211959281,100.0,90.74827884381341,76.59845545609,1.8983055138568967,0.07558853124991452,185.45066294499327,4367.62192798454,10.340044373582302,0
114.92046159108176,0.9649358352619634,66.88254525341026,89.97644811863393,96.52372550658592,0.197180827083007,0.0484440437034707,214.81476827518338,3991.2869294946977,16.941371274632168,0
38.42275851901525,0.5174695976962859,44.02806855524675,55.6419968805893,58.73549980319721,6.329858497572768,0.21055491651985636,691.5727952266068,9334.939597471974,63.10175827182838,2
107.68229189802939,0.8892614758274653,79.8439275070505,91.12821044442916,81.82342253532362,0.827975952985261,0.010224590824074623,173.81572336615528,4728.512809720837,16.73391277297098,0
62.65390494411887,0.7900532028263623,51.111108485236635,52.98036510191372,68.74711485721456,3.2788954425857493,0.10799859579406967,305.87068638634184,7520.442168188168,38.142893154787075,1
91.77371453311004,0.9196714218576008,86.81819958747002,93.12735664701906,93.73593751519539,0.9643373463781646,0.020832828560220673,243.810299583583,4542.531601473264,24.790658076508876,0
48.964599235361604,0.7660418756261178,70.04506527020511,62.334152382132224,,4.303089037565725,0.1381080770642306,356.03441448665166,5818.431014473192,40.45140879510541,1
58.52746408199979,0.7911222726173517,58.3580112980026,52.23201065563971,66.87719284328178,3.3482321522453002,0.10192105330735149,354.2687093443296,6548.764958571791,35.554799187653806,1
25.721764576451317,0.4860038117638992,,25.769570454112742,44.58722845202067,5.8562432798545405,0.40526581526749367,1054.871547837476,16834.46679664582,97.71918303422366,3
88.84358010697497,0.9413857533357883,100.0,91.93161517802938,84.8302333189308,1.6496059135003165,0.016784582917937968,267.9885946664157,3988.9618071551054,10.569436743261749,0
43.88523560658992,0.5710433228263119,55.56766891616238,40.840021304438494,54.375098032684235,6.837733853833643,0.3142056782500905,544.556815142993,8373.461609809774,64.88520138474009,2
91.52854944689072,0.9767242937431873,94.16510332963102,94.09198349029339,76.35601065304157,0.4771058377066746,0.016016249783590845,183.8969301760834,4216.452222030477,15.408223545091268,0
89.57195554562402,0.8623571878031917,83.69921237326051,96.65553450492999,96.24380729456706,1.7023857243546086,0.01783582329816704,161.7873297537135,3822.205102166229,14.969690871132025,0
43.367913500083695,0.5117792650855431,34.16791020414472,56.58297225203948,50.67341168593576,1.5673020879481205,0.32092495444045077,693.5125737901737,12825.934602381301,67.89907746853893,2
78.93445987176818,0.7991246947790578,68.86824229009545,55.706882053604865,59.40756689766895,3.1524706244227096,0.12969709573515703,,6716.634486426724,37.149845363327515,1
38.02180750261138,0.36929995420336953,,30.017389003574127,43.91571703885087,8.492340860725143,0.49217649433864336,1332.7298396430156,13853.40362634838,79.86511636225947,3
35.946572444782305,0.3899469002139948,15.766926042230711,57.13197991299195,52.709411935773275,6.015630544721786,0.6305443687861918,845.5943849725693,14291.079895273111,59.68569954221995,3
69.77802940534119,0.8257840545097026,66.96743752636694,73.38381091233308,70.72259955629673,3.716954966398853,0.14596159958719498,520.0800819428451,4999.128444513195,31.548627695234096,1
63.65810064586085,0.715491424829785,42.72888551549958,88.99456054388347,75.62773468676627,2.2348124259543334,0.10166162267271606,282.4838003872116,6942.787492740503,40.51398342778242,1
96.90285137367734,0.9289313015086024,96.4083514704182,67.87192386903308,74.1900739367769,2.3899850432724046,0.054498898074608955,178.0073368449797,5467.028255724699,15.064506477841528,0
41.735515015991915,0.4993108216351762,27.14740431092752,51.688041484177106,53.37426253800426,10.0,0.5256619680086058,1103.2283294992988,12427.449147902238,88.53566146740464,3
102.64286001119557,0.8547453425819398,86.76806472859842,89.30991219278388,100.0,0.0,0.048679735099722954,250.0663067399796,3923.3699527828944,12.986658943816343,0
107.16212743215803,0.8645553667764887,100.0,79.26804192531114,93.87833703176113,0.8363725459159806,0.03895628646816661,182.50177922470596,5559.867157417737,16.51306762973127,0
57.65595375861329,0.7544105302181314,48.23599864531711,52.69110423716772,,2.4545847956369835,0.18283262460927457,215.05919941215944,6098.039725779598,40.210038966049034,1
33.362370787483385,0.3089962275491016,24.478740515711344,35.669518559815096,36.51078273558988,10.0,0.6688247681897777,740.7076854911589,14969.70152675845,78.1452714731158,3
115.76687547736991,0.9273462801101173,83.54603393514526,92.93620747728043,,1.2754510983633138,0.020426683447123083,133.25865912057535,3893.49531215334,23.180525552981596,0
44.26779003902766,0.6364251911013068,46.39284527209119,51.08611358041821,40.88142431270508,7.559350028743934,0.3254553281193029,618.6959015921773,9672.2298172656,48.72495752913504,2
54.96535876759074,0.6903084293510997,51.09507290808319,59.002590232205655,51.67598580395366,6.304670319654535,0.2082959725788905,380.53481231254517,10497.290815052542,58.32368474511636,2
26.649214398215268,0.36849125705932706,24.04762630083342,38.100223665937165,53.32494359950694,9.474695520116143,0.416427815833092,828.4759331745754,12868.638730306478,100.0,3
114.54676884912388,0.8726463522270821,81.79941686530923,98.76837622818863,82.34168059710791,0.621677552008906,0.036266676932493074,109.5828972987883,3954.414648004198,18.050667725439673,0
30.969886906259234,0.4493499765030695,32.05596384557474,39.43905844076548,46.46603397503765,10.0,0.40001443716829355,681.643690827751,14285.402083604173,92.42995410939152,3
69.68561458368917,0.7914552748227316,69.95489506972419,80.08982686810853,87.42410410700218,4.588392096176102,0.1985481750571602,387.2003024786605,5715.40263711565,41.56506083175227,1
97.12745736281659,0.8864098828674657,93.55788418310242,88.71459053951016,81.02299971551416,0.8210881578797392,0.03214707444569952,211.55290266159915,3777.9275544521174,8.50629156694754,0
64.19835206828485,0.8372649861411794,52.58747084969702,45.957634967054084,85.21400481954862,4.890104094255264,0.13822970149609626,221.28614124155484,5577.159718797864,32.53142107489147,1
84.10519348504947,0.964695399142746,98.40000246178353,84.89805872151094,77.3696093507055,1.537995649068834,0.0526656811739057,260.7941974629043,4526.367399075405,16.281623264844267,0
50.67053937389763,0.5748955796509175,57.62588216834999,53.030504236201494,61.482886529010486,5.854634493591431,0.254358750524735,523.2197398359724,12290.42695323215,74.14743819359813,2
103.62854183429171,0.8195751658338061,90.24268930330848,90.32500749057706,82.8503168397792,3.282303132634226,0.11615239222992613,583.5004955261188,7766.348590302294,17.006433187835267,1
89.89667907551983,0.8091440935856513,66.4708466081355,67.60995771927529,67.21473255807032,0.649430140790991,0.19159565954656782,264.0031786327726,6746.777240144324,39.220143594106936,1
55.982776198080096,0.8834918690398603,79.31120954814615,96.34080296068987,91.61038223124751,1.879987515299927,0.08690816802715116,165.72822202802396,4490.654457494303,12.874035233635578,0
17.635203435800044,0.4696549201334457,42.12736898115769,32.526852126808464,45.427958505501124,10.0,0.4976843521382387,1196.1593513927135,11080.681547888958,93.62057590546544,3
111.319285429363,0.9137258797163905,79.74921299288128,91.58760857824106,74.96346396183918,2.579819244832888,0.0649739986447534,283.5814228956552,3206.5033240886564,20.650823461330585,0
30.642236689133604,0.31260521396630764,46.88353892108905,37.48752356613316,,5.799496554398071,0.679071847312916,1410.2953911807917,13487.618599912388,81.97225454874462,3
53.521973349228276,0.975991122572037,85.61184947564915,83.3627204718233,70.23854331525222,0.0,0.03769230192877659,138.10832649273297,3370.809469412399,12.567536922272573,0
38.97562659717864,0.33183203954444523,23.275227475950995,27.37984750979006,53.69936719868268,9.009983929819253,0.5366208410648993,1424.9983924893868,15688.965856746874,90.36824683955676,3
76.69375468084449,0.923334007468186,84.741767336691,70.69300628388163,81.26220391476708,0.0,0.05822169815682498,185.22275993704932,3874.60481952676,5.249524199906205,0
49.64139275138396,0.6731150125394242,22.456321261398152,47.170550246356406,61.71289881046498,6.7177712303421675,0.27414271272914215,386.7496427911451,6986.052971819599,62.26315952898479,2
25.90230966647079,0.3460366982668003,21.580719177731574,28.636004763198848,43.28307175621334,10.0,0.48725799218287924,580.9811659710415,13035.958343722423,86.88440080420757,3
74.82857074945638,0.596224804673943,39.36008049975954,45.862746774103755,61.525790170620695,6.69398851825122,0.3888301818465635,727.4282980491186,8632.264543705971,61.53847660216641,2
83.63274719205468,0.9288379139048951,95.44306317906742,82.9007701027156,68.40109523462283,0.0,0.09050307622900983,175.60611996588108,4247.78640659795,10.046512452318838,0
82.46040102863884,0.8383597041148763,76.91721511036012,78.34791453158931,72.39726434090724,1.7980601240495653,0.18211421268986797,553.8847290469344,7371.794312171773,29.765475701655433,1
74.61529442639498,0.7241855212651968,78.68700271311974,94.38257682436202,,2.5881176316734402,0.11245154688336205,,6583.699131288568,41.96631501217747,1
42.381763738784116,0.35952228494428523,40.13263932954684,18.488492563175104,49.371155079842595,7.593756527454998,0.5447498124597239,1109.1521302877838,14795.548734874228,90.54254476026522,3
60.48917066455242,0.7172968783273012,64.76669132508718,75.81190525243247,60.13614576565293,1.6204570218580359,0.18469234181097954,465.4747219161467,7242.745208948108,28.306337608812466,1
39.22725016797015,0.6682719197918664,37.002486726891426,69.27688056490815,44.16845649512536,6.612765601484918,0.30281049105870955,526.1017720179894,12523.540902468187,48.636637768440096,2
79.09701760584987,0.7863396623150193,50.16174649623472,94.09770323364924,87.02081553228797,2.4432868845676907,0.19000968114631178,400.17194350566973,5962.817162562136,39.0043199385628,1
65.46707947668875,0.9189863382932741,,93.18217916545649,59.381553253446526,0.5280078273766653,0.07880649049325188,175.4368486169339,4282.441775284615,9.679770363772137,0
72.14784049536641,0.8011755668149356,,98.04095744829996,58.68711821807283,2.159713228988541,0.19199021256598975,405.3327965849438,7375.959773236579,34.67981195512929,1
66.64898593147636,0.8762710950829224,87.41902949955065,74.3333126222524,37.508466243841255,2.4465764535017858,0.024702761971081948,,3892.1166250244746,15.31591834403878,0
40.827682433100044,0.6300344627145021,42.36152742200416,42.024934195209916,56.21385153639477,8.917766574632507,0.21623891816406487,619.9349979788134,10211.471914355532,69.39029157499145,2
51.786588211800016,0.504190434058905,44.30574346066157,44.56258889634075,54.914849685128914,10.0,0.26135316413059034,822.678114877305,14557.838821351792,67.03795883750819,2
79.67754233595569,0.835621112335645,,62.17240714606524,62.02157885705072,1.7374165980051166,0.14199554241477857,497.66664952266194,7561.749303842176,31.58381533229684,1
34.82565973882443,0.43066304495382934,31.1461649387807,38.40377113264075,,8.943820830348287,0.5011986330500776,1369.1453069075055,11424.001209518725,100.0,3
30.713746031320596,0.3457174117409634,38.14903934811731,49.631357401652195,32.86566598888473,9.140294649293923,0.5182280945716202,703.388165327785,16259.195721454857,98.33439166032966,3
81.57420447933622,0.8304660699375283,60.3013899633186,88.62514009206464,80.59424714715622,3.6065992813922447,0.19756521313912717,387.3858450122682,6794.1287944048845,25.64564594541293,1
88.03383467753304,0.7998948427460549,45.62916311694697,62.73139700021686,78.07260919791264,2.269019195836812,0.13648410612382736,215.8888267579934,7617.887271013653,34.43914273721326,1
62.830731771773955,0.7684680104793592,61.90535441385037,63.49136483581246,92.07231497760321,2.1347426344957365,0.10729827147309509,526.8358611496068,7313.911186485871,47.199431992328314,1
74.12037175670842,0.7917004520429429,71.87106803629193,59.768261084372185,88.12987162564652,3.759923489884651,0.1010895473025343,424.4007629649519,6165.337777936989,39.29350713661271,1
56.56664806548743,0.6312727621602013,25.837469222756543,38.20826781263691,74.0946783972189,5.1044207632730005,0.3002881494283106,687.9679695500415,10900.69718871503,60.413857623071145,2
50.07551995256997,0.6771243646917894,55.78315660779979,54.37587614586327,76.14785982594172,2.96073162696475,0.39685225888315695,546.2041663817806,13158.62521715102,65.2654777915368,2
71.00055464181736,0.9210559311533962,100.0,89.88522179428267,77.14162351678867,1.1563126978159337,0.07991865209969395,294.53649242970147,4565.539973367221,10.483981955522744,0
52.49941380915228,0.7761178595105285,64.46149193719602,76.90162124381354,82.16958258546639,5.013979867517219,0.1996728214079463,584.7067217888416,7275.676140906197,27.785592501697945,1
74.43697330935778,0.77555305535421,75.87070308719204,78.87428180865886,70.00940247754629,2.9065772641415264,0.12352345799706466,278.62878010267497,7342.382076724733,40.248649917251285,1
88.66821768018617,0.9462567223426432,76.56780707918611,97.08256732653224,66.83860604702627,0.8183135217745303,0.04593478456140195,227.57492649978795,3741.7757216213636,16.978557662084768,0
48.23965123642059,0.7316740704944128,71.73094189456731,56.33148533706294,59.88261655812451,2.850078897188369,0.14721836066344676,,6453.481330192304,31.51691604955994,1
33.1323057570211,0.4968618381725071,19.855888694463722,48.59248601917574,41.02645102973772,9.722446830199688,0.46471704713968287,,15035.247081319369,88.27818715815984,3
49.19631955693396,0.7606489184274218,35.606180655876294,68.15528007163225,84.11742798620126,1.2174271917659212,0.17785418150861176,,7208.57856412314,43.876229633803966,1
33.04786232737901,0.45253448479531083,22.816864134882344,37.81727810588988,,7.6716968303835635,0.6764842669841333,1204.376869486253,14199.193344589257,81.02259715754468,3
101.54312446099259,0.8794027967957287,80.24268956925397,77.79897984221112,90.67476410068588,1.1069142127699387,0.0921453963479558,159.19884640268984,3500.389934439402,13.893008709074525,0
15.818448395405355,0.44129113706331613,33.954312529669615,31.107749832859668,50.332990000544214,7.502688632869451,0.44121059637247084,848.196913238929,11455.211773755673,83.8521117836545,3
94.02290106363404,0.850148779670444,85.51979776722425,93.2233406957249,83.43798331147202,0.29968510023923467,0.06504825994638387,73.59977054897548,3234.4354842209523,13.48456961443993,0
46.82492669344265,0.669956339748046,48.93754938920914,60.53735317648933,,8.705604299361022,0.383565410751439,713.8258584539743,9863.16145490152,66.64763089724363,2
56.44838762323603,0.8376588713636853,75.28817391295986,65.44553323093689,69.98275652793001,4.394293359524202,0.14469380373650884,479.23950394157345,7455.250650675869,28.026703415025413,1
56.27790024362272,0.795656713583007,56.15302139232559,71.22461388775422,73.74563209611134,2.102182024745946,0.13247945028633687,558.7132451454383,6466.618879339021,34.77322474512659,1
70.41663890314989,0.8372034731716715,72.12364209974822,100.0,54.72305455112614,1.358345926397394,0.1796542066029646,277.34394200980347,6266.324751799427,34.3931456679808,1
74.34487780405904,0.9261704327197771,82.31768168993943,93.22048440372075,99.94315724416731,0.36131015935619715,0.09474448032153952,222.7202779660709,4789.020213433132,16.82580316237585,0
87.18748950654268,0.7575930179325133,56.00925678721421,73.20984890480611,78.38799405161312,1.4188696802561975,0.10983236670919638,514.0962932365408,6992.873903357254,31.80487550080965,1
108.44098599249921,0.9570836444611048,63.853440432009165,68.87766200890064,94.71975358062942,1.658548553730445,0.031096130835136224,259.71472851100305,4170.9273554968095,10.00406548519171,0
59.404039520741435,0.7162197958509062,85.38007936714926,73.32206977756289,88.50326046053603,3.427956008232472,0.11275685472154313,601.8096732835487,5441.573667695916,46.912351951807416,1
93.3492722352301,0.9587173985161581,79.8014508362621,86.56591505386457,100.0,1.532977365898474,0.01710593442384114,266.09960016013684,4622.906183605673,20.121758949299828,0
42.33137787328537,0.45205424868056676,32.776757185421616,26.22411446329042,31.52953180831387,8.58418083596972,0.5977874418364642,1207.4069143241577,12721.034992341245,92.49555037445128,3
30.213661119899573,0.4369176795306168,37.2625227713157,37.58345771870675,40.69547836702845,7.77475989854174,0.6170734634923447,1204.5769009652179,13621.551508680657,80.88720075669461,3
52.653191831091014,0.7994821490947683,91.90308368859775,69.59914982796546,72.39982476837805,3.893657994916054,0.1881390998636897,429.24841879422956,5963.44840065051,32.68122024938767,1
79.01186748109322,0.7551080933727936,50.74043724399454,74.27227004303533,84.3911499528564,2.0300165496085607,0.1847420887626656,287.6528280979583,7198.243621259141,12.149155053306497,1
33.708180983300565,0.5429761944185578,41.45009551367304,48.633893465323986,,3.6527918006676416,0.39236663325826393,803.9608882555528,10510.635155243655,64.57671611193587,2
62.3327487064788,0.5120823983388988,46.00765811243917,65.75681897225293,63.42645176707135,7.912258082586515,0.35265557698539546,446.8677447012736,11310.474793162368,65.69029537259759,2
42.641192138456304,0.5253130047627961,41.09192212466357,42.08213864034221,59.715448758081294,7.11955698957325,0.2484959262791235,397.7948622682456,10174.414388876423,61.325080968421815,2
55.432730571600324,0.5858246635563776,40.694748423660656,31.700961388366046,57.761983864086396,4.99080888250191,0.25040937193441415,664.6005179026052,9441.658729228233,74.26234258079765,2
93.41425292279878,0.8915470389962401,79.64857295896232,72.02374462819174,89.41728836632291,1.967416351194691,0.06962715193453337,163.32689544155178,3267.464763568948,13.619339567594174,0
54.98456524481427,0.5179409754083936,58.65071741281528,56.46151089356125,43.72254029998115,6.282833945142005,0.2646646199053498,782.0468781294717,12498.96199075453,29.894774836864833,2
81.7708468988629,0.7878335780979803,57.61851391260763,75.0767612934958,81.03795615642903,2.614672156344352,0.15671731001852016,361.29469737662725,6063.588417743322,63.220002498383984,1
66.69251528325657,0.8321363147486651,66.18555193450095,75.0143683143933,57.10318537042757,0.7569267263269115,0.17648895286111438,237.65215252438097,8341.537881640328,34.95747903280058,1
63.835209820244366,0.6231230218777577,,31.15669981047155,52.15907382817691,4.612606565822598,0.2824098451778772,607.5640146209165,11836.510696922851,69.25804641596059,2
29.100197405073562,0.6339610082476639,25.887408908480545,58.48970296135283,45.0662934465028,5.346341308966767,0.3312016216941836,436.8728979573481,10688.978892138888,65.38963072655721,2
30.84072937401933,0.472966762915297,30.011401128101237,28.60222195671229,53.29730791420418,9.877061470375729,0.593158970503129,,16437.435710612863,79.9810588500233,3
40.26728248403987,0.4679210901981033,29.201641943625745,30.33088458859862,36.05513990417571,5.37196667283958,0.6522238464060446,1061.4274764470051,15792.540262978706,82.77605848920344,3
72.38879419012767,0.8303136147407584,49.3605601862882,74.60248562749226,75.06942724920067,2.8969952182485885,0.16077732238774023,373.7150933839627,8019.414655846214,10.138334322786434,1
9.144632922362412,0.3680572934196794,38.089602834517656,43.07052284035116,33.8295021183975,9.827481481673667,0.6810304400116307,1202.9145159111383,15556.604339475129,87.52927204213125,3
45.690489881235706,0.44815076025839296,33.93302177701047,38.9149198822035,51.23893290171249,5.684008726611552,0.49127598502292863,921.738759626233,17330.392887080092,69.78557907934515,3
95.5457863442318,0.9772957596929589,76.33734359178709,100.0,76.39404121249831,0.5100330475274633,0.030880558115362645,163.27722545975854,2828.6036736841484,12.480346600193304,0
36.35185502122375,0.42754913324914356,35.07082640404488,34.685922528998006,50.14847728147081,6.109144271711319,0.619258246913371,1069.986274467214,13613.160127798596,100.0,3
20.913381460982656,0.39993858371419466,36.17786734295897,46.758827108540615,26.82398561512572,7.622215247461172,0.5949042513836151,998.5295569208573,10281.743083491743,75.98896713015642,3
68.36604074967327,0.7208225023364981,69.7030256914101,60.89765561542489,69.90562307424904,0.9494920824076769,0.13700620628699756,339.96433057364266,7484.676314693595,52.553110706333044,1
28.038297862700855,0.40079638513727256,42.210956421314144,35.556816589105665,42.012129708598124,9.791278282326125,0.4967836184324253,988.9779083302258,13622.539952843166,94.02325761130386,3
68.70143137738742,0.8117554801152388,62.39394188025052,64.43298351613768,73.55834446051186,0.9430756646125915,0.18731840920006324,329.7272934572707,6442.418355082275,48.78911243001683,1
105.17912233345822,0.8874219841947653,100.0,86.85392640516552,79.19888986187205,1.3554395723604609,0.0622478354011963,188.52320315948842,3886.185079665185,9.733968019786687,0
39.150630057528204,0.4141844303600746,48.12288715918424,33.179365445185255,35.118136219304205,7.468497518224312,0.483908504007093,758.9974074128575,17642.15266799117,100.0,3
62.12521828695319,0.6110986992929984,60.14028082675543,58.637819031668585,37.23467289972741,3.832275723887223,0.33791945806554663,558.8029812700576,9523.19718889605,57.110227417338415,2
98.05945059438365,0.7594420777359057,78.37720178241638,80.4379478248004,77.53977726404982,3.016409613863886,0.1955699558918872,523.2918586677483,6099.992144808102,43.14339814567873,1
32.91670965897856,0.4572634289398524,30.97445927786677,31.601272137892618,29.793322700982017,6.504433920562597,0.5738618030481176,674.8700689487534,15835.021568271488,64.88018634294298,3
63.582717304349366,0.5473721418880718,42.7081766114513,50.61097635289099,45.554517396156804,6.96163154637825,0.3080186842195429,612.388577531312,9922.79091245981,51.95732078550583,2
63.36375695425435,0.9654496732747987,84.17256130237575,94.03209334131232,68.75606925295949,1.456313057958691,0.034664302737814186,227.07135652876016,2843.4116971041635,6.323446482036143,0
9.34235574687674,0.4063417993162105,34.01275663608634,45.65928046736572,47.050351073346285,5.672920318887563,0.6391942432259875,1329.72191876619,11331.443025554441,80.85994764861596,3
132.43056169854387,0.9123462349971745,79.96369946312501,83.67442680359915,71.18039181587936,1.5994639186251742,0.09031394031339698,228.57148091232412,4030.8409429942867,11.73800769768761,0
83.52945563872208,0.8137817381344921,58.38947985040913,61.83558680212174,57.62740718911401,3.5880638728778003,0.13258178791056832,418.7101537222273,6010.828531449092,37.39796833741989,1
81.5617359809946,0.8584337373736289,92.49549277316007,97.1550680502308,67.35451043188945,0.4337424310739304,0.07938061149516237,235.34414606333263,3471.941889120465,18.762181004087395,0
96.97020413518943,0.9179848247649891,93.90953372611278,88.2237737229452,52.567969616076496,1.4450186599085078,0.0880313570624808,174.1634781239073,3770.812606871616,22.23928883075682,0
100.3301763728825,0.8929697225717532,88.10507948566453,80.40773889464768,59.522130467840036,2.3176976819723825,0.06775768694183947,160.1129250771757,4577.074512881935,17.773161003203406,0
48.547738787027214,0.46338011893697667,38.99437007473343,34.02151699144579,41.425038986720125,8.527785036993162,0.6328282858654972,396.552602361454,15857.820409698603,83.72492021090846,3
87.38278999716621,0.9378856353441316,75.67930504957113,89.93482318971886,62.37601368008983,0.9372721210203026,0.08716511526284633,246.80493222887912,4069.648885504813,10.414859856296047,0
70.98594012676816,0.850312226852488,78.2136284606585,77.38022768293352,90.89008475564751,1.342784043823959,0.0705046288622263,220.11955845141028,3910.854246800189,14.2138664155444,0
46.24807071510598,0.6694700056286177,45.85509798801917,40.57986669881433,37.53766005047772,5.094430096726025,0.3313746604518718,521.7216813154268,7716.146597876394,60.6307767542924,2
48.7240608964599,0.5685270783256342,45.51984706766563,50.611648831566576,,4.063737981495264,0.2591847622125267,676.6018324749058,7438.082879417968,59.62258203791399,2
56.56749812501254,0.5191917059726349,67.71360335210389,70.3247366113733,42.14021015597928,5.980009375244319,0.38616648316349755,468.3896976020977,9501.790509025117,67.26127521350374,2
84.8128032225275,0.9258162485076706,84.8077464864742,84.36704741134201,86.72969678193189,0.0,0.03644586268836988,232.73209964122518,3730.792588084547,14.92514790984523,0
84.687218983918,0.852989825067958,100.0,97.93884641433678,97.19857820536728,0.9043205042436077,0.09237960501990854,150.7481432169113,3902.9550873778894,7.855669247751688,0
78.33726389569875,0.754818123878241,66.93338461437841,62.93923183317109,87.56742772182714,4.557840837170301,0.1965000209476719,612.7918074757256,5564.030621164506,23.204825433594884,1
47.649752444793336,0.6960198206215955,50.40366299776283,34.08675393278128,58.13654879241761,5.2816876246773745,0.29058657411469063,553.6397966645457,9750.904448519785,56.112547063284985,2
89.47044266088204,0.9841146291983545,82.51412682625984,71.81314939073806,84.96284979570325,3.5933857454493516,0.08472191751733667,169.8521095559291,2935.3905299024773,15.698409826426161,0
42.68605392243459,0.4033751486389852,29.068777502927812,34.219814194544405,61.7088440485843,9.396098516629646,0.6963857104619694,1303.4455883699789,8349.100332039869,88.88214991591073,3
108.5013756316909,0.8834573452483035,79.5392503569139,84.61077045819907,69.9895403988264,2.4230616090087516,0.02794282585724469,222.13766606545522,4118.778558673035,14.590287588040843,0
39.54862887195215,0.4717755152517464,30.427922967820752,37.6461031460673,38.507633851682805,8.724209553314573,0.689137214339224,944.281860664855,14253.651451294467,84.81833118594545,3
100.07149282975449,0.8954486395996532,85.32981380624538,77.55052340643556,73.17827803831422,0.25187388405075783,0.08993022896623394,235.74083442400362,2338.6286852712547,11.465732992428283,0
44.89345286767608,0.5758482239524135,50.493190652483406,56.95444736392554,64.11684953269857,5.173903022330349,0.3643017033796184,798.198729206996,7272.127342817671,60.70185852422745,2
65.6083713438933,0.7094767074930729,77.24606606705238,73.52011708054688,58.611359771102144,3.016738367435358,0.11413127444941602,381.14081488936836,6332.813595611094,31.255995520010934,1
55.483911489558416,0.6718714957032903,35.662356348404174,59.43668729606964,51.594978846139476,3.8245285597534426,0.2659277648655447,513.9146794433734,7507.766514969431,73.12724069272662,2
83.37468186159082,0.7683802557402901,86.73928573221166,76.89796900058369,79.50547773043766,2.2606982659921435,0.17218427497552397,342.62444495956237,8367.177471400484,36.180494666897744,1
67.5160456710167,0.53847663624485,35.104204673786334,44.686822887380686,66.80317987737644,9.001396555318928,0.325078479942703,553.7035305467559,8748.001921547098,44.54770885001329,2
74.39958241710701,0.9369680737875589,82.57073666142091,76.76024841589216,73.70227238795648,0.0,0.056438567758842685,,4095.0173994800007,8.53516993798236,0
85.42106839626224,0.8325603934204082,56.70186211563643,76.1162060889546,79.11837263824803,4.736645128105682,0.1979425395831939,,5852.57937236195,33.858297322395195,1
63.10129562444178,0.8964434339389235,96.32714724962406,90.43808906463246,90.61646983667424,0.8240908644484504,0.01718550382153602,216.40048589917026,4212.709604062488,9.096869773524446,0
44.601771183820205,0.6185180694888923,52.522611531705046,49.022577592065005,41.4355993496149,7.710588426404627,0.23561308766494643,800.0623572941274,8973.994824510053,69.68744621167252,2
86.88774859710206,0.9057000037641019,91.87209054409843,89.57824021250666,,0.5668062506657447,0.06117846725611046,262.95225020319526,3389.079527667385,19.94975427200054,0
57.21223079464856,0.5324615690992922,44.138639405248924,46.71964695181127,64.58124193460381,6.518985442061692,0.27519733381408107,,9525.5724950555,72.9133072906496,2
38.11275379723351,0.6213615669204866,53.4551666289567,68.32360509364943,52.96741931849708,5.21382723241464,0.2273177876752848,894.1076748058053,13928.416524552324,75.62668505230683,2
56.90659219754932,0.7817087314983676,58.93498937056139,51.94814688294733,74.4065212146916,4.5089975094490224,0.10209799948339333,491.5221962504421,7308.864622627631,32.613829714893946,1
77.66252886891085,0.864965205077621,87.37325046268657,84.7509731363718,88.08829652995774,0.0,0.04686052242640995,150.83116385256602,3265.023637101112,13.357233741048512,0
